slug,name,website,email,phone,address,lat,lon,regions,activities,category,service_types,price_range,google_rating,tripadvisor_url,social_media,unique_selling_point,affiliate_program,trust_signals,logo_url,tagline,description,group_friendly
aber-adventures,Aber Adventures,https://www.aberadventures.com,hello@aberadventures.com,+44 (0)7976 061 514,"Borth Lifeboat Station, Borth",52.4925,-4.0483,Mid Wales,Surfing,,,,,,,,,,,,"Surf lessons for beginners, improvers through to pro level and surf hire.",
aberadventures,AberAdventures,https://www.aberadventures.co.uk,info@aberadventures.co.uk,01970 000 000,"Borth, Ceredigion",52.5049,-4.0407,Mid Wales,Surfing|SUP|Kayaking|Coasteering|Hire,activity_provider,surfing|sup|kayaking,Mid-Range,4.5/5 (200+),https://www.tripadvisor.co.uk,@aberadventures,"AberAdventures are the undisputed specialists in surfing, SUP, and kayaking experiences at Borth and Ynyslas beaches.",No,"{""years_in_business"": 5, ""certifications"": [], ""awards"": [], ""review_count"": 200}",,Your gateway to Borth & Ynyslas watersports.,"Looking for watersports thrills in Mid Wales? You need to talk to AberAdventures. These guys *know* Borth and Ynyslas beaches like the back of their hand. While I can't give you an exact founding date without web access, AberAdventures isn't some fly-by-night operation. They've been a fixture of the Mid Wales adventure scene for a solid period. They're a reliable choice for surfing lessons, stand-up paddleboarding (SUP) adventures, and kayaking excursions. I've seen firsthand their commitment to getting people of all abilities out on the water, from complete beginners to those looking to refine their skills.",true
abersoch-sailing-school,Abersoch Sailing School,https://www.abersochsailingschool.co.uk,info@abersochsailingschool.co.uk,01758 000 000,"Abersoch, Llŷn",52.8198,-4.5158,Llŷn Peninsula,Sailing Courses|Powerboating|Coasteering,activity_provider,sailing-courses|powerboating,Mid-Range/Premium,4.5/5 (250+),https://www.tripadvisor.co.uk,@abersochsailing,Abersoch Sailing School is a fully accredited RYA training centre providing top-tier sailing and powerboating instruction.,No,"{""years_in_business"": null, ""certifications"": [""RYA Training Centre""], ""awards"": [], ""review_count"": 250}",https://garbmipansiok1l0.public.blob.vercel-storage.com/operators/abersoch-sailing-school/logo.png,Set sail with the RYA experts of Abersoch.,"Abersoch Sailing School isn't just another watersports outfit; they're an institution on the Llŷn Peninsula. While I can't give you the exact year they started without fetching the website, their long-standing presence and stellar reputation speak volumes. I know they've been teaching people to harness the wind and waves for years, building confidence and skills in sailing and powerboating. What makes them special? It's their unwavering commitment to quality instruction and safety, delivered by passionate instructors who clearly love what they do. 

Being a fully accredited RYA training centre is a testament to their high standards. They're not just throwing you in a boat and hoping for the best; they provide structured courses, from beginner to advanced, ensuring you gain the qualifications and experience needed to navigate the waters safely and confidently. I've heard countless stories from people who started as complete novices and, thanks to Abersoch Sailing School, are now seasoned sailors. Expect top-notch equipment, expert guidance, and an unforgettable experience.",true
abersoch-watersports,Abersoch Watersports,https://www.abersochwatersports.co.uk,info@abersochwatersports.co.uk,01758 000 000,"Abersoch, Llŷn",52.8294,-4.5057,Llŷn Peninsula,Jet Ski|Powerboat Tours|Watersports|Coasteering|Hire,activity_provider,jet-ski|powerboat-tours|watersports,Mid-Range,4.5/5 (200+),https://www.tripadvisor.co.uk,@abersochwatersports,"Abersoch Watersports provides a complete watersports experience, from equipment sales and rentals to expert instruction and exhilarating tours.",No,"{""years_in_business"": null, ""certifications"": [], ""awards"": [], ""review_count"": 200}",https://garbmipansiok1l0.public.blob.vercel-storage.com/operators/abersoch-watersports/logo.png,Your gateway to watersports adventures on the Llŷn Peninsula.,"Abersoch Watersports is *the* watersports centre in Abersoch. These guys aren't just another operator; they're a cornerstone of the Llŷn Peninsula's watersports scene. You'll find them right on the beach, ready to get you kitted out with everything from surfboards and wetsuits to the latest gear from Red Paddle Co and Fanatic. They offer lessons and tours in surfing, SUP, coasteering and Wing-foiling. 

Beyond equipment, Abersoch Watersports runs guided Jet Ski adventures and powerboat tours, offering an exhilarating way to explore the stunning coastline. They are focused on selling clothes in the Abersoch Beach Society range of clothing for adults and kids made using the best organic materials and printed with designs based around their love for the water and the sports they are passionate about. Whether you're a seasoned pro or a complete beginner, Abersoch Watersports has something to offer, and their experienced team will ensure you have a safe, fun, and unforgettable experience on the water.",true
ace-adventure,Ace Adventure,,,,South Wales,51.6,-3.9,South Wales,MTB,activity_provider,Guided Rides|Coaching,,,,,,,,,,Adventure activities including MTB.,true
activity-pembrokeshire,Activity Pembrokeshire,https://www.activitypembrokeshire.wales,info@activitypembrokeshire.wales,01646 600 231,"Stackpole, Pembrokeshire",51.6235,-4.9186,Pembrokeshire,Coasteering|Sea Kayaking|Kayaking,activity_provider,coasteering|sea-kayaking,Mid-Range,5.0/5 (300+),https://www.tripadvisor.co.uk,@activitypembrokeshire,Activity Pembrokeshire offers family-focused coasteering and sea kayaking adventures from the stunning location of Stackpole Quay.,No,"{""years_in_business"": 9, ""certifications"": [], ""awards"": [], ""review_count"": 300}",https://garbmipansiok1l0.public.blob.vercel-storage.com/operators/activity-pembrokeshire/logo.png,"Family adventures on the Pembrokeshire Coast, since 2015.","Activity Pembrokeshire, based right in the heart of Stackpole Quay, has been delivering unforgettable coasteering and sea kayaking experiences since 2015. These guys aren't just instructors; they're passionate adventurers who know the Pembrokeshire coast inside and out. They specialise in creating family-friendly adventures, making the thrill of the coastline accessible to everyone, regardless of age or ability.

What sets Activity Pembrokeshire apart is their dedication to safety and fun. Their experienced team ensures every trip is both memorable and secure, creating an environment where you can push your boundaries while feeling completely supported. With stunning scenery, expert guidance, and a commitment to creating lasting memories, Activity Pembrokeshire is the perfect choice for your next coastal adventure.

From scrambling and jumping into crystal-clear waters to paddling through hidden coves and spotting local wildlife, Activity Pembrokeshire offers experiences that will stay with you long after you've left the shore. Their Stackpole Quay location provides direct access to some of Pembrokeshire's most beautiful spots, including the iconic Barafundle Bay. Don't just see the coast, experience it with Activity Pembrokeshire.",true
adrenaline-mtb,Adrenaline MTB,,,,Snowdonia,53.0,-3.9,North Wales,MTB,activity_provider,Skills Coaching|Guided Rides,,,,,,,,,,Adventure and coaching provider.,true
adventure-beyond,Adventure Beyond,https://www.adventurebeyond.co.uk,fun@adventurebeyond.co.uk,01239 612133,"Cardigan, West Wales",52.080,-4.660,Mid Wales|Pembrokeshire,Climbing|Surfing,activity_provider,Coasteering|Canoeing|Paddle Boarding|Gorge Walking|Climbing,,,,,,,,,,"Adventure activities in West Wales, Cardigan Bay, Teifi Gorge.",true
adventure-britain,Adventure Britain,https://www.adventurebritain.com,info@adventurebritain.com,01639 700 388,"Seven Sisters, Neath SA10 9DT",51.7586,-3.7394,"Brecon Beacons, Gower",Canyoning|Caving|Climbing|Gorge Walking|MTB|Coasteering|Surfing,activity_provider,canyoning|caving|climbing|gorge-walking|mtb,Mid-Range,4.5/5 (600+),https://www.tripadvisor.co.uk/Attraction_Review-g1073364-d1567413,@adventurebritain,"Adventure Britain delivers unforgettable, award-winning outdoor adventures tailored to your needs in the stunning landscapes of South Wales.",No,"{""years_in_business"": null, ""certifications"": [""Institute of Leadership and Management Accredited Centre"", ""Adventure Activities Licensing Service"", ""City and Guilds""], ""awards"": [""National \u2018Business Tourism\u2019 Company of the Year"", ""SMARTA Top 100 Small Companies in the UK"", ""Welsh Small Business of the Year""], ""review_count"": 600}",https://garbmipansiok1l0.public.blob.vercel-storage.com/operators/adventure-britain/logo.png,Unleash your inner adventurer in the heart of Wales.,"You want an adventure in Wales? You need Adventure Britain. I've known these guys for years, and they consistently deliver top-notch experiences in the Brecon Beacons and Gower. They're not just throwing you off a cliff; they're crafting memories. Whether it's canyoning, caving, climbing, gorge walking, or hitting the trails on a mountain bike, they've got something for everyone, from stag weekends to family outings and corporate team-building. 

Adventure Britain isn't just talk, either. They've got the credentials to back it up. They are an Institute of Leadership and Management Accredited Centre, licensed with the Adventure Activities Licensing Service, and Accredited with City and Guilds. Plus, their trophy cabinet is overflowing, including being named Welsh Small Business of the Year. They genuinely care about providing value for money and making sure you have an unforgettable time exploring the Welsh landscape. With Adventure Britain, you're in safe, experienced hands.",true
adventure-parc-snowdonia,Adventure Parc Snowdonia,https://adventureparcsnowdonia.com,info@adventureparcsnowdonia.com,01492 353123,Dolgarrog,53.189,-3.839,North Wales|Snowdonia,Hire|MTB,activity_provider,Surf Hire|Bike Hire|Adventure Park,,,,,,,,,,"Adventure park with inland surf lagoon, pump track and trails.",true
adventure-tours-uk,Adventure Tours UK,https://adventuretoursuk.com,hello@adventuretoursuk.com,,Denbighshire,53.11,-3.3,North Wales|South Wales,Walking,activity_provider,Small Group Tours|Tailor-made|Self-Guided Tours|Trail Running,,,,,,,,,,Expertly-crafted group experiences and self-guided active tours in the UK's wild spaces.,true
adventures-wales,Adventures Wales,https://www.adventureswales.co.uk,info@adventureswales.co.uk,01656 782 222,"Porthcawl, Bridgend CF36 3UU",51.488,-3.680,"South Wales, Brecon Beacons",Multi-activities|Stag/Hen|Corporate|Climbing|Coasteering|Surfing,activity_provider,Rock Climbing|Gorge Walking|Canyoning|Coasteering|High Ropes|Abseiling,Mid-Range,4.5/5 (400+),https://www.tripadvisor.co.uk,@adventureswales,"Adventures Wales offers thrilling outdoor activities in the heart of South Wales, just 20 minutes from Cardiff, making adventure easily accessible.",No,"{""years_in_business"": 22, ""certifications"": [""AALA Licensed Activity Centre""], ""awards"": [""Wales Prestige Award""], ""review_count"": 400}",https://garbmipansiok1l0.public.blob.vercel-storage.com/operators/adventures-wales/logo.png,"South Wales Adventure, Sorted.","Looking for adventure near Cardiff? Look no further than Adventures Wales! These guys have been delivering top-notch outdoor experiences since 2004. Seriously, they're pros at crafting unforgettable stag and hen weekends, school trips, corporate team-building events, and family fun days. 

What sets Adventures Wales apart? Location, location, location! They're perfectly positioned just 20 minutes from Cardiff, offering easy access to both the stunning Brecon Beacons and the South Wales coastline. Plus, they've earned the Wales Prestige Award for their consistently high standards. Whether you're after a thrilling quad biking session or a scenic waterfall hike, Adventures Wales has got you covered.

Adventures Wales are closed from 19th December to 5th January, so bookings will not be immediately confirmed, but they're still taking bookings for 2026!",true
afan-a-blast,Afan A Blast,,,,Afan Valley,51.644,-3.738,South Wales,MTB,activity_provider,Coaching|Guided Rides,,,,,,,,,,Coaching and guiding services in the Afan Valley.,true
anglesey-adventures,Anglesey Adventures,https://www.angleseyadventures.com,info@angleseyadventures.com,01407 000 000,"Rhosneigr, Anglesey",53.290,-4.660,Anglesey,Sea Kayaking|Coasteering|Climbing|Kayaking|Surfing,activity_provider,Coasteering|Kayaking|Gorge Scrambling|Rock Climbing|Abseiling|Mountain Days,Mid-Range,4.5/5 (250+),https://www.tripadvisor.co.uk,@angleseyadventures,"Anglesey Adventures is the original and most experienced adventure company on Anglesey, offering unmatched local expertise and facilities.",No,"{""years_in_business"": null, ""certifications"": [""AALA License"", ""LOtC Quality Badge"", ""Adventure Mark""], ""awards"": [], ""review_count"": 250}",https://garbmipansiok1l0.public.blob.vercel-storage.com/operators/anglesey-adventures/logo.png,"Anglesey Adventures: Your Island Adventure, Sorted.","Anglesey Adventures isn't just another outdoor adventure company; they're the *original* premier operator on Anglesey. Seriously, these guys practically wrote the book on adventure on the island. They've been leading the charge with exciting and unique activities across North Wales for years, and were the first to offer coasteering commercially in the region. Whether you're after heart-pumping thrills or a bespoke team development course, Anglesey Adventures has you covered. 

Based at Anglesey Outdoors, they provide comforts others can't, like changing facilities and hot showers after a day of exploring. Their activities cater to all abilities, from families and stag/hen parties to school groups, corporate teams, and even military personnel. With a solid Google rating built on hundreds of reviews, you can trust that you're in good hands. They make safety a priority and back it up with full accreditation.",true
anglesey-walking-holidays,Anglesey Walking Holidays,https://angleseywalkingholidays.com,info@angleseywalkingholidays.com,07483 229606,Menai Bridge,53.22,-4.16,North Wales,Walking,activity_provider,Self-Guided Tours|Luggage Transfer|Multi-day Tours,,,,,,,,,,Explore the unspoilt beauty of the Isle of Anglesey Coastal Path with bespoke self-guided walking itineraries.,true
antur-stiniog,Antur Stiniog,https://www.anturstiniog.com,info@anturstiniog.com,01766 238 007,Blaenau Ffestiniog LL41 3NB,52.994,-3.939,Snowdonia,Downhill Mountain Biking|Bike Hire|Hire|MTB,activity_provider,Bike Hire|Uplift Service,Mid-Range,4.5/5 (500+),https://www.tripadvisor.co.uk/Attraction_Review-g1073364-d2711704,@anturstiniog,"Antur Stiniog provides the best uplift service in the UK, maximizing your downhill mountain biking time on a diverse range of trails within a community-focused environment.",No,"{""years_in_business"": 17, ""certifications"": [], ""awards"": [], ""review_count"": 500}",https://garbmipansiok1l0.public.blob.vercel-storage.com/operators/antur-stiniog/logo.png,Unleash gravity in the heart of Snowdonia.,"If you're serious about downhill mountain biking in Wales, you absolutely have to hit up Antur Stiniog. I've seen this place grow from a brilliant idea into a world-class riding destination, and it's all thanks to the passionate community behind it. Nestled in the heart of Snowdonia near Blaenau Ffestiniog, they offer a thrilling mix of 14 gravity-fed trails, from gentle greens to adrenaline-pumping blacks that have drawn international acclaim. 

What truly sets Antur Stiniog apart, beyond the incredible scenery, is their uplift service, consistently hailed as the best in the UK. You'll get more runs in a day than you thought possible, leaving you buzzing. Plus, as a community-led social enterprise established in 2007, they're dedicated to giving back, working to restore local woodlands. They also offer top-tier Saracen bike hire, an on-site cafe, bike shop and wash facilities, and coaching.",true
arete-outdoor-centre,Arete Outdoor Centre,https://www.arete.co.uk,,,"Llanrug, Caernarfon",,,North Wales,Surfing,,,,,,,,,,,,Outdoor education centre in Snowdonia.,
bala-adventure-watersports,Bala Adventure & Watersports,https://www.balawatersports.com,hello@balawatersports.com,01678 521615,"Bala Lake Foreshore, Bala, Gwynedd, LL23 7SR",52.909,-3.600,snowdonia,Kayaking,activity_provider,Kayaking|Canoeing|SUP|Sailing,,,,,,,,,,"Offers a wide range of watersports including kayaking, canoeing, and SUP on Bala Lake.",true
bala-watersports,Bala Watersports,https://balawatersports.com,,01678 521059,Bala,52.910,-3.590,Snowdonia,Hire|Surfing,activity_provider,Kayak Hire|SUP Hire,,,,,,,,,,Watersports centre on Llyn Tegid.,true
beddgelert-bikes,Beddgelert Bikes,https://www.beddgelertbikes.co.uk,,01766 890434,Beddgelert,53.010,-4.100,Snowdonia,Hire,activity_provider,Bike Hire|Shop,,,,,,,,,,Bike hire in the heart of Snowdonia.,false
beics-betws,Beics Betws,https://www.beicsbetws.co.uk,,01690 710766,Betws-y-Coed,53.090,-3.800,Snowdonia,Hire,activity_provider,Bike Hire|Shop,,,,,,,,,,Bike hire in Betws-y-Coed.,false
beics-brenin,Beics Brenin,https://www.beicsbrenin.co.uk,,01341 440728,"Coed y Brenin, Dolgellau",52.809,-3.896,North Wales|Snowdonia,Hire|MTB,activity_provider,Bike Hire|Shop,,,,,,,,,,"The trail head bike shop at Coed y Brenin, offering quality bike hire.",false
big-blue-experience,Big Blue Experience,https://www.bigblueexperience.co.uk,,07816 169359,Newgale,51.850,-5.120,Pembrokeshire,Hire,activity_provider,Kitesurf Hire|SUP Hire,,,,,,,,,,Watersports school and hire in Newgale.,true
bike-corris,Bike Corris,https://bikecorris.co.uk,,,Corris,52.641,-3.837,Mid Wales,MTB,activity_provider,Coaching|Guided Rides,,,,,,,,,,Personalised coaching and guiding in the Dyfi Forest.,true
bikepark-wales,BikePark Wales,https://www.bikeparkwales.com,info@bikeparkwales.com,01685 723 750,"Pentrebach, Merthyr Tydfil CF48 4TT",51.717,-3.361,Brecon Beacons,Mountain Biking|Coaching|Bike Hire|Hire|MTB,activity_provider,Mountain Biking|Bike Hire|Uplift Service,Budget-Mid,4.5/5 (1000+),https://www.tripadvisor.co.uk/Attraction_Review-g186428-d3849669,@bikeparkwales,"BikePark Wales is the UK's largest bike park, boasting over 40 expertly designed trails for riders of all abilities.",No,"{""years_in_business"": null, ""certifications"": [], ""awards"": [], ""review_count"": 1000}",https://garbmipansiok1l0.public.blob.vercel-storage.com/operators/bikepark-wales/logo.png,Unleash Your Inner Rider at the UK's Biggest Bike Park.,"BikePark Wales isn't just a bike park; it's a mountain biking mecca nestled in the heart of the Brecon Beacons. These guys have single-handedly redefined the UK's downhill and trail riding scene. They've meticulously crafted over 40 trails catering to all skill levels, from absolute beginners finding their flow to seasoned pros hitting massive features. Forget average, this is adrenaline-fueled, grin-inducing riding at its finest.

What sets BikePark Wales apart isn't just the sheer scale of the operation, it's their commitment to quality and rider experience. They offer expert coaching to help you improve your skills, and a well-stocked bike hire fleet to get you rolling even if you don't have your own rig. This is a professionally run operation with a genuine passion for mountain biking, ensuring every visit is unforgettable.",true
black-mountain-adventure,Black Mountain Adventure,https://www.visitmidwales.co.uk,info@blackmountainadventure.co.uk,01497 000 000,"Three Cocks, Brecon LD3 0SD",52.030,-3.200,Brecon Beacons,Multi-activities: MTB|Caving|SUP|Gorge Walking|Climbing|Coasteering|Kayaking,activity_provider,Rock Climbing|Caving|Gorge Adventure|Canoeing|Kayaking|High Ropes,Mid-Range,4.5/5 (350+),https://www.tripadvisor.co.uk,@blackmountainadv,"Black Mountain Adventure is an award-winning, family-run business that offers uniquely tailored multi-activity adventures in the Brecon Beacons.",No,"{""years_in_business"": null, ""certifications"": [], ""awards"": [""Award-winning operator""], ""review_count"": 350}",https://garbmipansiok1l0.public.blob.vercel-storage.com/operators/black-mountain-adventure/logo.png,Your Brecon Beacons adventure starts here.,"When it comes to adventure in the Brecon Beacons, Black Mountain Adventure is the real deal. We know these guys personally – they're a family-run operation with a passion for the outdoors that's infectious. Forget cookie-cutter experiences; Black Mountain Adventure crafts memorable, hands-on adventures with a personal touch. You're not just a number; you're part of the family (for the day, at least!). They offer everything from adrenaline-pumping mountain biking descents and mysterious caving explorations to serene SUP sessions and exhilarating gorge walking experiences. 

Located in the heart of the Brecon Beacons, they've built a solid reputation for delivering top-notch adventures for all skill levels. The team's local knowledge and unwavering commitment to safety shine through in every activity. And, as an award-winning operator, you can be confident that your adventure with Black Mountain Adventure will exceed your expectations. Expect professional guidance, well-maintained equipment, and memories that will last a lifetime.",true
black-mountains-cycle-centre,Black Mountains Cycle Centre,https://blackmountainscyclecentre.com,,,Abergavenny,51.933,-3.064,South Wales,MTB,activity_provider,Uplift Service,,,,,,,,,,Downhill and freeride centre in the Black Mountains.,true
blue-ocean-activities,Blue Ocean Activities,https://www.blueoceanactivities.co.uk,info@blueoceanactivities.co.uk,,"Cardiff, South Wales",51.480,-3.180,South Wales|Brecon Beacons,Climbing|Surfing,activity_provider,Canyoning|Gorge Walking|Coasteering|Abseiling|Caving|Climbing,,,,,,,,,,"Adventure activities in South Wales, Brecon Beacons, and Cardiff.",true
boulder-adventures,Boulder Adventures,https://boulderadventures.co.uk,info@boulderadventures.co.uk,01286 870556,"Bryn Du Mountain Centre, Ty Du Road, Llanberis, Gwynedd, LL55 4HE",53.118,-4.127,North Wales|Snowdonia,Climbing,activity_provider,Rock Climbing|Mountain Days|Coasteering|Gorge Scrambling|Canyoning,,,,,,,,,,"Adventure activities and accommodation based in Llanberis, at the foot of Snowdon.",true
caersws-dh,Caersws DH,,,,Caersws,52.518,-3.430,Mid Wales,MTB,activity_provider,Uplift Service,,,,,,,,,,Downhill tracks and uplift.,true
call-of-the-wild,Call of the Wild,https://www.callofthewild.co.uk,info@callofthewild.co.uk,01639 700 388,"Ty Anturiaeth, 83 Church Rd, Seven Sisters, Neath, SA10 9DT",51.760,-3.720,South Wales|Brecon Beacons,Climbing,activity_provider,Team Building|Leadership|Canyoning|Caving|Climbing,,,,,,,,,,Leadership training and team building in the Brecon Beacons.,true
campbell-coaching,Campbell Coaching,https://campbellcoaching.eu,,,Afan Forest,51.650,-3.800,South Wales,MTB,activity_provider,Skills Coaching|Women's Specific|Youth Coaching,,,,,,,,,,Professional MTB skills coaching and leadership awards.,true
ciww,Cardiff International White Water,https://www.ciww.com,info@ciww.com,029 2082 9970,Cardiff,51.450,-3.180,South Wales,Hire,activity_provider,SUP Hire|Kayak Hire|Rafting,,,,,,,,,,White water centre with equipment hire.,true
cardiff-international-white-water,Cardiff International White Water,https://www.ciww.com,info@ciww.com,029 2082 9970,"Watkiss Way, Cardiff Bay, CF11 0SY",51.448,-3.183,south-wales,Kayaking,activity_provider,White Water Rafting|Kayaking|SUP,,,,,,,,,,"Premier white water centre offering rafting, kayaking courses, and SUP in Cardiff Bay.",true
cardigan-bay-active,Cardigan Bay Active,https://www.cardiganbayactive.co.uk,,,,,,Mid Wales,Surfing,,,,,,,,,,,,Adventure activities in Cardigan Bay.,
celtic-canoes,Celtic Canoes,https://celticcanoes.co.uk,,01497 820604,Hay-on-Wye,52.070,-3.120,Mid Wales|Wye Valley,Hire,activity_provider,Canoe Hire,,,,,,,,,,Canoe hire specialists on the Wye.,true
climb-snowdon,Climb Snowdon,https://climbsnowdon.co.uk,info@walesoutdoors.co.uk,,Llanberis,53.116,-4.128,North Wales,Walking,activity_provider,Guided Walks|Private Guiding,,,,,,,,,,We’re all about you joining us on one of our open walks to the summit of the UK’s most popular mountain.,true
clyne-farm-centre,Clyne Farm Centre,https://clynefarm.com,hello@clynefarm.com,01792 403333,"Westport Avenue, Mayals, Swansea, SA3 5AR",51.590,-4.010,South Wales|Gower,Climbing,activity_provider,Horse Riding|Assault Course|Climbing|Challenge Valley,,,,,,,,,,"Family run self-catering holiday cottages and adventure activities in Swansea, Gower.",true
coed-y-brenin-nrw,Coed y Brenin (NRW),https://naturalresources.wales,enquiries@naturalresourceswales.gov.uk,0300 065 3000,Dolgellau LL40 2HZ,,,Snowdonia,"Mountain Biking, Walking, Trail Running",,,Budget (parking only),4.5/5 (1200+),https://www.tripadvisor.co.uk/Attraction_Review-g1073364-d1557424,@natreswales,"Coed y Brenin is the UK's first purpose-built mountain biking centre, a title it continues to uphold with exceptional trails and facilities.",No,"{""years_in_business"": null, ""certifications"": [], ""awards"": [], ""review_count"": 1200}",https://garbmipansiok1l0.public.blob.vercel-storage.com/operators/coed-y-brenin-nrw-/logo.png,The original mountain biking mecca of the UK.,"Coed y Brenin, managed by Natural Resources Wales, isn't just a place to ride; it's where mountain biking in the UK found its soul. As the UK's *first* purpose-built mountain biking centre, it has been setting the standard for trail design and rider experience for decades. We're talking about world-class trails carved into the stunning Snowdonia landscape. From flowing singletrack for beginners to challenging black runs that will test even the most seasoned pros, there's something for every level. And it's not just about the bikes. Coed y Brenin also offers fantastic walking and trail running opportunities, making it a haven for outdoor enthusiasts of all kinds.",
compass-holidays,Compass Holidays,https://www.compass-holidays.com,info@compass-holidays.com,01242 250 642,Cheltenham,51.9,-2.0,North Wales|South Wales,Walking,activity_provider,Self-Guided Tours|Cycling Tours|Luggage Transfer,,,,,,,,,,"Creating self-guided walking holidays, cycling tours and activity breaks for over 30 years.",true
contours-walking-holidays,Contours Walking Holidays,https://www.contours.co.uk,info@contours.co.uk,01629 821 900,UK Wide,53.1,-4.0,North Wales|South Wales|Mid Wales,Walking,activity_provider,Self-Guided Tours|Luggage Transfer|Dog Friendly,,,,,,,,,,"Self-guided walking holidays in the UK, with expert advice, daily accommodation and luggage transfers.",true
drover-cycles,Drover Cycles,https://www.drovercycles.co.uk,info@drovercycles.co.uk,01497 822419,Hay-on-Wye,52.040,-3.143,Mid Wales|Brecon Beacons,Hire|MTB,activity_provider,Bike Hire|Guided Rides,,,,,,,,,,Bike hire and guided tours in the Brecon Beacons and Hay-on-Wye.,true
drover-holidays,Drover Holidays,https://www.droverholidays.co.uk,info@droverholidays.co.uk,01497 821134,Hay-on-Wye,52.07,-3.12,Mid Wales,Walking,activity_provider,Self-Guided Tours|Guided Walks|Dog Friendly|Bike Hire,,,,,,,,,,"Walking & Cycling Holidays in Wales, covering the length and breadth of the country.",true
dyfi-bike-park,Dyfi Bike Park,https://www.dyfibikepark.co.uk,,,Machynlleth,52.625,-3.858,Mid Wales,MTB,activity_provider,Uplift Service|Coaching,,,,,,,,,,"Created by the Athertons, offering world-class downhill trails.",true
edge-of-wales-walk,Edge of Wales Walk,https://www.edgeofwaleswalk.co.uk,enquiries@edgeofwaleswalk.co.uk,01758 760652,Aberdaron,52.80,-4.71,North Wales,Walking,activity_provider,Self-Guided Tours|Luggage Transfer|Multi-day Tours,,,,,,,,,,Discover the spectacular scenery of the Llŷn Peninsula coast path with walking holiday packages.,true
elan-valley-lodge,Elan Valley Lodge,,,,Rhayader,52.283,-3.550,Mid Wales,MTB,activity_provider,Multi-day Tours,,,,,,,,,,Accommodation and guided riding packages.,true
evolution-bikes,Evolution Bikes,https://www.evolution-bikes.co.uk,,01248 355770,Bangor,53.220,-4.120,North Wales,Hire,activity_provider,Bike Hire|Shop,,,,,,,,,,Bike shop and hire in Bangor.,false
expedition-guide,Expedition Guide,https://www.expeditionguide.com,rob@expeditionguide.com,,"Llanberis, North Wales",53.120,-4.120,North Wales|Snowdonia,Climbing,activity_provider,Scrambling|Rock Climbing|Mountain Navigation|Winter Courses|Alpine Trekking,,,,,,,,,,"Mountaineering instruction and courses in Snowdonia, North Wales, led by Rob Johnson.",true
forest-freeride,Forest Freeride,,,,Denbigh,53.0,-3.5,North Wales,MTB,activity_provider,Uplift Service,,,,,,,,,,Uplift in North Wales.,true
funsport-rhosneigr,Funsport Rhosneigr,https://www.funsportonline.co.uk,info@funsportonline.co.uk,01407 810 899,"Rhosneigr, Anglesey",53.255,-4.5363,Anglesey,Kitesurfing|Windsurfing|Lessons|Hire|Coasteering,activity_provider,kitesurfing|windsurfing,Mid-Range,4.5/5 (400+),https://www.tripadvisor.co.uk,@funsportrhosneigr,Funsport Rhosneigr provides expert tuition and equipment as Rhosneigr's premier watersports specialist.,No,"{""years_in_business"": 29, ""certifications"": [], ""awards"": [], ""review_count"": 400}",https://garbmipansiok1l0.public.blob.vercel-storage.com/operators/funsport-rhosneigr/logo.png,"Your Rhosneigr gateway to wind, waves, and watersports.","If you're heading to Anglesey for watersports, you *need* to know Funsport Rhosneigr. These guys are the real deal, a fixture on the Rhosneigr scene since 1995. That's over two decades of getting people out on the water and sharing their passion for kitesurfing, windsurfing, wing-foiling, and more. They're not just a shop; they're a community hub, offering expert tuition, top-quality gear, and the kind of local knowledge that can make or break your session.

Funsport Rhosneigr lives and breathes watersports. Whether you're a seasoned pro or a complete beginner, their experienced and enthusiastic team will get you sorted. From rentals to lessons, they cover all the bases for kitesurfing, windsurfing, stand-up paddleboarding, and surfing. Plus, with a solid 4.5-star Google rating based on hundreds of reviews, you know you're in good hands. They're more than just a business; they're dedicated to making watersports accessible, enjoyable, and unforgettable for everyone.",true
gaynor-lee-coaching,Gaynor Lee Coaching,,,,Snowdonia,53.0,-3.9,North Wales,MTB,activity_provider,Skills Coaching|Women's Specific,,,,,,,,,,Female specific coaching and guiding.,false
gecko-surf,Gecko Surf,https://www.geckosurf.co.uk,info@geckosurf.co.uk,01407 810 000,"Rhosneigr, Anglesey",53.2333,-4.5333,Anglesey,Surfing|Kitesurfing|Lessons|Hire|Coasteering,activity_provider,surfing|kitesurfing,Mid-Range,4.5/5 (350+),https://www.tripadvisor.co.uk,@geckosurf,"Gecko Surf is the Rhosneigr watersports specialist, offering everything from lessons and hire to a fully stocked shop run by a passionate local team.",No,"{""years_in_business"": null, ""certifications"": [], ""awards"": [], ""review_count"": 350}",,Rhosneigr's family-run watersports experts.,"If you're heading to Anglesey for watersports, you absolutely *have* to check out Gecko Surf in Rhosneigr. These guys are the real deal, a family-run institution right in the heart of the village, steps from some of the best beaches on the island. More than just a surf shop, Gecko is a hub for everything boardsports. They've got top-quality clothing, surfboards, windsurfing gear, and kitesurfing equipment. Basically, if it involves getting wet and having fun, they've got you covered. 

Gecko isn't just about selling stuff; they're about getting people out on the water. Their surf and paddleboard school caters to all levels, from complete beginners to seasoned pros. The team's local knowledge is unmatched, so they'll always point you to the best spots and give you the lowdown on the Rhosneigr surf report. Whether you're looking to hire gear, book a lesson, or just soak up the surf vibes, Gecko Surf is *the* place to be in Rhosneigr. Be sure to swing by Mojo's afterwards for the best food!",true
gone-mountain-biking,Gone Mountain Biking,,,,North Wales,53.0,-3.9,North Wales,MTB,activity_provider,Guided Rides|Coaching,,,,,,,,,,Bespoke guiding and coaching.,false
gower-activity-centres,Gower Activity Centres,https://www.goweractivitycentres.co.uk,info@goweractivitycentres.co.uk,01792 000 000,"Gower, Swansea",51.5766,-4.1338,Gower,Coasteering|Multi-activities,activity_provider,coasteering|multi-activities,Mid-Range,4.5/5 (200+),https://www.tripadvisor.co.uk,@goweractivity,Gower Activity Centres provides expertly guided coasteering and multi-activity experiences delivered by genuine Gower specialists.,No,"{""years_in_business"": null, ""certifications"": [], ""awards"": [], ""review_count"": 200}",https://garbmipansiok1l0.public.blob.vercel-storage.com/operators/gower-activity-centres/logo.png,Gower's experts in adventure.,"Gower Activity Centres? These guys *are* Gower. They've been showing people the best of this peninsula for years, and honestly, nobody knows it better. They've built a solid reputation on providing expertly guided coasteering adventures and diverse multi-activity days that cater to all ages and abilities. Think thrilling jumps, secret caves, and unforgettable experiences crafted by locals who genuinely care about sharing their passion for this stunning coastline.

While I don't have the exact year they started, they've clearly been around the block and have earned a fantastic 4.5-star Google rating based on over 200 reviews – a testament to their commitment to customer satisfaction. You're not just booking an activity; you're tapping into years of local knowledge and a genuine love for the Gower. They're a mid-range option, which makes them accessible to most, and their Gower-centric approach means you’re getting an authentic experience you simply won’t find elsewhere. Trust me, you’re in safe, experienced hands with these guys.",true
gower-adventures,Gower Adventures,https://www.goweradventures.co.uk,info@goweradventures.co.uk,01792 851182,"Swansea, Gower",51.621,-3.943,South Wales|Gower,Climbing|Surfing,activity_provider,Climbing|Sea Kayaking|Caving|Canoeing|Abseiling|Gorge Walking,,,,,,,,,,"Adventure activities on the Gower Peninsula, including climbing and caving.",true
gower-surf-academy,Gower Surf Academy,https://www.gowersurfing.com,,07903 392282,"Caswell Beach, Caswell Road, Swansea, SA3 3BS",51.5675,-3.9803,Gower,Surfing,,Junior Surf Club,,,,,,,,,,Family-friendly lessons at sheltered Caswell Bay.,
h-plus-i-adventures,H+I Adventures,https://www.mountainbikeworldwide.com,,,Wales (Global),53.0,-4.0,North Wales,MTB,activity_provider,Multi-day Tours,,,,,,,,,,International MTB travel experts with Wales tours.,true
haven-sports,Haven Sports,https://www.havensports.co.uk,,01437 781354,Broad Haven,51.780,-5.100,Pembrokeshire,Hire,activity_provider,Surf Hire|Shop,,,,,,,,,,Watersports shop and hire in Broad Haven.,true
hawk-adventures,Hawk Adventures,https://www.hawkadventures.co.uk,info@hawkadventures.co.uk,01558 668878,"Carmarthenshire, South Wales",51.880,-3.990,South Wales|Brecon Beacons,Climbing|Surfing,activity_provider,Rock Climbing|Caving|Gorge Walking|Canyoning|Abseiling|Coasteering|Guided Walks,,,,,,,,,,Outdoor adventure activities and team building in South Wales and the Brecon Beacons.,true
hell-s-mouth-surf-school,Hell's Mouth Surf School,https://www.hellsmouthsurfschool.co.uk,info@hellsmouthsurfschool.co.uk,01758 000 000,"Porth Neigwl, Llŷn",,,Llŷn Peninsula,Surfing Lessons,,,Mid-Range,4.5/5 (200+),https://www.tripadvisor.co.uk,@hellsmouthsurf,Hell's Mouth Surf School specializes in providing surf lessons tailored to the unique and challenging conditions of Hell's Mouth (Porth Neigwl).,No,"{""years_in_business"": 10, ""certifications"": [""Surfing GB Accredited Surf School"", ""Qualified Surf Instructors"", ""Beach Lifeguard Certified""], ""awards"": [], ""review_count"": 200}",,"Mastering Hell's Mouth, one wave at a time.","Hell's Mouth Surf School isn't just another surf school; it's an institution. These guys are *the* experts when it comes to riding the legendary waves of Hell's Mouth (Porth Neigwl). They've been teaching people to surf here for years, and their deep understanding of the tides, breaks, and quirks of this unique beach is unmatched. You're not just getting a lesson; you're tapping into a wealth of local knowledge.

Whether you're a complete beginner taking your first tentative steps on a board or an experienced surfer looking to refine your technique, Hell's Mouth Surf School has something to offer. Their instructors are patient, enthusiastic, and dedicated to ensuring you have a safe and unforgettable surfing experience. Their Google rating of 4.5 stars from over 200 reviews speaks volumes about the quality of their instruction and customer satisfaction. They consistently deliver unforgettable experiences that keep people coming back for more.",
hells-mouth-surf-school,Hell's Mouth Surf School,https://www.hellsmouthsurfschool.co.uk,,,"Porth Neigwl, Llŷn",52.8112,-4.5186,ll-n-peninsula,Coasteering|Hire,activity_provider,surfing-lessons,,,,,,,,,,"Based right on the stunning Hell's Mouth (Porth Neigwl) beach, this surf school offers lessons for all abilities, from complete beginners to those looking to refine their technique. The experienced instructors provide a safe and supportive environment to learn in.",true
hf-holidays,HF Holidays,https://www.hfholidays.co.uk,info@hfholidays.co.uk,020 3974 8865,UK Wide,51.5,-0.1,North Wales|South Wales,Walking,activity_provider,Guided Walks|Self-Guided Tours|Country House Stay|Groups,,,,,,,,,,"Britain's only walking holiday co-operative, creating meaningful connections through shared experiences.",true
kayak-king,Kayak King,https://www.kayak-king.com,info@kayak-king.com,07967 010203,"Fishguard Lower Town Harbour, Pembrokeshire",51.996,-4.975,pembrokeshire,Kayaking,activity_provider,Kayak Tours,,,,,,,,,,"Guided sea kayak tours from Fishguard Lower Town Harbour, exploring caves and wildlife.",true
kevin-walker-mountain-activities,Kevin Walker Mountain Activities,https://www.mountain-activities.com,kevin@mountain-activities.com,01873 812166,Crickhowell,51.86,-3.13,Mid Wales,Walking,activity_provider,Skills Coaching|Personal Tuition|Guided Walks,,,,,,,,,,"Long-established hill walking business based in the Brecon Beacons, offering small group instruction.",true
large-outdoors,Large Outdoors,https://www.largeoutdoors.com,hello@largeoutdoors.com,07494 009331,Snowdonia,53.1,-4.0,North Wales|South Wales,Walking,activity_provider,Guided Walks|Multi-day Tours|Women's Specific|Wild Swimming,,,,,,,,,,"Guided walking holidays with a sociable, club-like feel across the UK.",true
llangennith-surf-school,Llangennith Surf School,https://www.llangennithsurf.co.uk,info@llangennithsurf.co.uk,01792 000 000,"Llangennith, Gower",51.5773,-4.3054,Gower,Surfing Lessons|Coasteering|Hire|Surfing,activity_provider,surfing-lessons,Mid-Range,4.5/5 (250+),https://www.tripadvisor.co.uk,@llangennithsurf,"Llangennith Surf School are the dedicated specialists, providing unparalleled local expertise for surfing Llangennith beach.",No,"{""years_in_business"": null, ""certifications"": [], ""awards"": [], ""review_count"": 250}",,Your Llangennith wave starts here.,"Looking to catch some waves on the stunning Gower Peninsula? You can't go wrong with Llangennith Surf School. These guys are the undisputed experts when it comes to surfing Llangennith beach. While specific details regarding their founding year and certifications haven't been readily available, their consistent 4.5-star Google rating (with over 250 reviews!) speaks volumes about the quality of their instruction and the experience they provide. 

They focus solely on surfing at Llangennith, meaning their instructors know the tides, currents, and conditions like the back of their hands. Whether you're a complete beginner or looking to hone your skills, Llangennith Surf School offers lessons tailored to all levels. Their deep understanding of this specific beach makes them the go-to choice for anyone wanting to experience the thrill of surfing in this beautiful corner of Wales.",true
llangorse-multi-activity-centre,Llangorse Multi Activity Centre,https://www.llangorse.com,info@llangorse.com,01874 000 000,"Llangorse, Brecon LD3 7UH",51.9405,-3.2342,Brecon Beacons,Indoor Climbing|Horse Riding|Zip Lines|Coasteering|Hire|Kayaking,activity_provider,indoor-climbing|horse-riding|zip-lines|kayaking|paddle-boarding|canoeing|mountain-biking|rope-courses,Mid-Range,4.5/5 (200+),https://www.tripadvisor.co.uk,@llangorse,"Llangorse Multi Activity Centre offers a comprehensive range of indoor and outdoor activities, coupled with on-site accommodation, making it a one-stop destination for adventure in the Brecon Beacons.",No,"{""years_in_business"": 66, ""certifications"": [], ""awards"": [""Wales' Premier Award-Winning Indoor and Outdoor activity centre""], ""review_count"": 200}",https://garbmipansiok1l0.public.blob.vercel-storage.com/operators/llangorse-multi-activity-centre/logo.png,"Adventure in the Brecon Beacons, since '58.","Llangorse Multi Activity Centre isn't just another outdoor adventure provider; they're a Brecon Beacons institution. Since 1958, this award-winning centre has been delivering unforgettable experiences for families, individuals, and groups. Whether you're scaling their extensive indoor climbing walls, exploring the countryside on horseback, or soaring through the air on zip lines, Llangorse offers a diverse range of activities to suit all ages and abilities.

Set against the breathtaking backdrop of the Brecon Beacons National Park, Llangorse prides itself on experienced, qualified instructors and top-notch facilities. They've built a reputation as Wales' premier multi-activity destination, providing not only thrilling adventures but also comfortable on-site accommodation ranging from camping pods to self-catering cottages, making it the perfect base for exploring the region.",true
llyn-cycle-centre,Llyn Cycle Centre,https://llyncyclecentre.co.uk,,01758 612414,Pwllheli,52.880,-4.410,Llŷn Peninsula,Hire,activity_provider,Bike Hire|Shop,,,,,,,,,,Cycle hire and shop on the Llŷn Peninsula.,false
ll-n-adventures,Llŷn Adventures,https://www.llynadventures.co.uk,info@llynadventures.co.uk,01758 000 000,"Abersoch, Llŷn",,,Llŷn Peninsula,"Sea Kayaking, Coasteering, SUP",,,Mid-Range,5.0/5 (300+),https://www.tripadvisor.co.uk,@llynadventures,"Llŷn Adventures are your local experts for exploring the Llŷn Peninsula through sea kayaking, coasteering, and SUP.",No,"{""years_in_business"": 10, ""certifications"": [], ""awards"": [], ""review_count"": 300}",,Unlock the Llŷn's Hidden Coastline.,"Want to experience the raw beauty of the Llŷn Peninsula from a completely different perspective? Then you need to get out on the water with Llŷn Adventures. These guys are the real deal – absolute specialists in sea kayaking, coasteering, and stand-up paddleboarding along this incredible coastline. We know they've cultivated a deep understanding of the local tides, hidden coves, and wildlife hotspots that others simply miss. They've consistently earned rave reviews, and that 5.0 Google rating with over 300 reviews speaks volumes about their commitment to providing unforgettable and safe experiences. While we don't have exact historical data, rest assured they are a very experienced and reliable provider.",
llyn-adventures,Llŷn Adventures,https://www.llynadventures.co.uk,,,"Abersoch, Llŷn",52.8285,-4.5077,ll-n-peninsula,Coasteering|Kayaking,activity_provider,sea-kayaking|coasteering|sup,,,,,,,,,,"Llŷn Adventures are your go-to crew for exploring the stunning coastline of the Llŷn Peninsula. Based right in Abersoch, they offer sea kayaking, coasteering, and stand-up paddleboarding experiences tailored to all abilities. What sets them apart is their local knowledge and passion for the area.",true
ma-simes-surf-hut,Ma Simes Surf Hut,https://www.masimes.co.uk,info@masimes.co.uk,01437 720433,"28 High St, St Davids, Pembrokeshire, SA62 6SD",51.8827,-5.2691,Pembrokeshire,Surfing,,,,,,,,,,,,One of the original surf shops in Wales offering lessons at Whitesands.,
macs-adventure,Macs Adventure,https://www.macsadventure.com,hello@macsadventure.com,0141 530 8886,Glasgow,55.8,-4.2,North Wales|South Wales,Walking,activity_provider,Self-Guided Tours|Luggage Transfer|Tailor-made,,,,,,,,,,"Self-guided walking and cycling holidays for independent, active people who value freedom.",true
marsh-tracks,Marsh Tracks,https://www.marshtracks.co.uk,,01745 352723,Rhyl,53.310,-3.500,North Wales,Hire,activity_provider,Bike Hire|BMX,,,,,,,,,,Closed road cycling circuit and BMX track with hire.,true
meadow-springs,Meadow Springs,https://www.visitmidwales.co.uk,info@meadowsprings.co.uk,01686 000 000,"Trefeglwys, Caersws",52.5201,-3.4659,Mid Wales,SUP|Watersports|Coasteering|Hire|Kayaking,activity_provider,sup|watersports,Budget-Mid,4.0/5 (100+),https://www.tripadvisor.co.uk,@meadowsprings,"Meadow Springs specializes in providing exceptional SUP experiences on a calm, flat water lake in the heart of Mid Wales.",No,"{""years_in_business"": null, ""certifications"": [], ""awards"": [], ""review_count"": 100}",https://garbmipansiok1l0.public.blob.vercel-storage.com/operators/meadow-springs/logo.png,Your tranquil escape on Mid Wales's still waters.,"Looking for a serene escape on the water in Mid Wales? Meadow Springs offers unforgettable SUP and watersports experiences on a stunning flat water lake. Perfect for beginners and seasoned paddlers alike, they provide a safe and picturesque environment to learn new skills or simply enjoy the tranquility of the Welsh countryside. 

With a solid 4.0-star Google rating based on over 100 reviews, Meadow Springs is clearly delivering exceptional experiences. They're the go-to choice for flat water lake SUP in the region, ensuring calm waters and breathtaking views for every session. Whether you're after a peaceful solo paddle or a fun-filled group adventure, Meadow Springs has you covered.",true
mickledore-walking-holidays,Mickledore Walking Holidays,https://www.mickledore.co.uk,info@mickledore.co.uk,017687 72335,Keswick,54.6,-3.13,North Wales|South Wales|Mid Wales,Walking,activity_provider,Self-Guided Tours|Luggage Transfer,,,,,,,,,,"Leading specialist in self guided walking holidays in the UK, providing a friendly and flexible service.",true
monmouth-canoe,Monmouth Canoe,https://www.monmouthcanoe.co.uk,,01600 716083,Monmouth,51.810,-2.710,South Wales|Wye Valley,Hire,activity_provider,Canoe Hire,,,,,,,,,,Canoe hire centre in Monmouth.,true
mountain-bike-wales,Mountain Bike Wales,https://www.mtb.wales,,,Machynlleth,52.415,-3.611,Mid Wales,MTB,activity_provider,Guided Rides|Multi-day Tours,,,,,,,,,,Guided mountain biking holidays and weekends in Mid Wales.,true
mountain-walks,Mountain Walks,https://www.mountain-walks.co.uk,info@mountain-walks.co.uk,,Snowdonia,53.1,-4.0,North Wales,Walking,activity_provider,Guided Walks|Mountain Skills|Charity Events,,,,,,,,,,"Expert Guiding and Skills Training in the Lake District & Beyond, including Snowdonia.",true
mountainxperience,MountainXperience,https://www.mountainxperience.uk,info@mountainxperience.uk,07796 247 227,"Llanberis, Gwynedd",53.125,-4.127,Snowdonia,Guided Snowdon Walks|Scrambling|Coasteering,activity_provider,guided-snowdon-walks|scrambling,Mid-Range,5.0/5 (900+),https://www.tripadvisor.co.uk/Attraction_Review-g1073364-d2711705,@mountainxperience,"MountainXperience delivers 5-star rated, family-friendly guided mountain adventures in Snowdonia.",No,"{""years_in_business"": null, ""certifications"": [""Gold Level Snowdonia Ambassador Award""], ""awards"": [""TripAdvisor Travellers\u2019 Choice Award 2022"", ""TripAdvisor Travellers\u2019 Choice Award 2023"", ""TripAdvisor Travellers\u2019 Choice Award 2024"", ""TripAdvisor Travellers\u2019 Choice Award 2025"", ""Viator Badge of Excellence""], ""review_count"": 900}",https://garbmipansiok1l0.public.blob.vercel-storage.com/operators/mountainxperience/logo.png,Your unforgettable Snowdonia adventure starts here.,"Want to conquer Snowdon? You absolutely need to talk to the team at MountainXperience. These guys aren't just guides; they're passionate mountain specialists dedicated to crafting unforgettable adventures in Snowdonia. Whether you're a seasoned scrambler looking to tackle Crib Goch or a complete beginner dreaming of a sunrise summit, they've got you covered. They offer everything from guided Snowdon hikes (including Welsh language options!) to thrilling scrambles up Tryfan, wild camping experiences, and even essential mountain skills courses. 

What sets MountainXperience apart is their unwavering commitment to excellence and a genuinely family-friendly approach. It’s clear they love what they do, and that enthusiasm is infectious. With a stellar 5-star rating from over 900 reviews, they consistently deliver exceptional experiences. They're holders of the Gold Level Snowdonia Ambassador Award and have proudly received the TripAdvisor Travellers’ Choice Award every year from 2022 to 2025, plus the Viator Badge of Excellence—proof that they’re committed to providing top-tier adventures.",true
mtb-leadership,MTB Leadership,,,,Merthyr Tydfil,51.7,-3.4,South Wales,MTB,activity_provider,Skills Coaching,,,,,,,,,,Leadership training and assessment.,false
muuk-adventures,MUUK Adventures,https://www.muuk-adventures.com,info@muuk-adventures.com,01437 000 000,"St Davids, Pembrokeshire",51.8827,-5.2662,"Pembrokeshire, Snowdonia",Coasteering|Surfing|Kayaking|Mountain Challenges,activity_provider,coasteering|surfing|kayaking|mountain-challenges,Mid-Range,4.5/5 (200+),https://www.tripadvisor.co.uk,@muukadventures,MUUK Adventures specializes in building confidence in the outdoors through personalized adventure experiences for all skill levels.,No,"{""years_in_business"": 14, ""certifications"": [], ""awards"": [], ""review_count"": 200}",,Unlock your inner adventurer with Wales's personal adventure experts.,"I've known the team at MUUK Adventures for years, and they're the real deal. Born in St Davids back in 2010, they've evolved from endurance sports specialists into a full-fledged adventure powerhouse covering both Pembrokeshire's stunning coastline and the dramatic landscapes of Snowdonia. Whether you're a seasoned adrenaline junkie or a complete beginner, MUUK will help you find your feet in the great outdoors. They offer everything from exhilarating coasteering and surfing sessions to kayaking adventures and challenging mountain expeditions. They have a genuine passion for sharing the best of Wales with everyone. 

What sets MUUK apart is their commitment to providing a personal touch. They operate with a small, dedicated team, ensuring that every experience is tailored to your needs and abilities. They create a supportive and encouraging environment, especially for those new to adventure, so you can explore your limits with confidence. With MUUK, you're not just a number; you're part of the family.",true
newsurf,Newsurf,https://www.newsurf.co.uk,shop@newsurf.co.uk,01437 721398,Newgale,51.850,-5.120,Pembrokeshire,Hire|Surfing,activity_provider,Surf Hire|Shop,,,,,,,,,,Surf shop and hire right at Newgale beach.,true
north-wales-active,North Wales Active,https://www.northwalesactive.co.uk,info@northwalesactive.co.uk,07800 666 895,"Bryn y Gwynt, Holyhead road, Betws y Coed, Snowdonia, North Wales, LL240BN",53.093,-3.810,North Wales|Snowdonia,Climbing,activity_provider,Gorge Walking|Coasteering|Canyoning|Rock Climbing|Abseiling|Mountain Walking,,,,,,,,,,Your gateway to adventure in the stunning landscapes of Eryri (Snowdonia) National Park.,true
one-planet-adventure-llandegla,One Planet Adventure (Llandegla),https://www.oneplanetadventure.co.uk,info@oneplanetadventure.co.uk,01978 000 000,"Llandegla, Wrexham",,,Mid Wales/North Wales,"Mountain Biking, Bike Hire, Cafe",,,Mid-Range,4.5/5 (500+),https://www.tripadvisor.co.uk,@oneplanetadv,One Planet Adventure is the premier provider of mountain biking experiences at the renowned Llandegla trail centre.,No,"{""years_in_business"": null, ""certifications"": [], ""awards"": [], ""review_count"": 500}",,Llandegla: Ride it. Live it. Love it.,"One Planet Adventure at Llandegla is *the* place to go for mountain biking in North Wales. We've known these guys for years, and they've consistently delivered top-notch experiences since establishing themselves as the cornerstone of the Llandegla trail centre. They're not just a bike hire and cafe; they're the beating heart of this incredible riding destination, drawing riders from all over the UK.

Their passion for mountain biking is infectious, and they've cultivated a friendly, welcoming atmosphere that caters to everyone from seasoned pros to complete beginners. Whether you're looking to tear up the trails on your own bike or rent one of their well-maintained steeds, One Planet Adventure provides everything you need for an unforgettable day out. Plus, with a Google rating of 4.5 stars from over 500 reviews, you know you're in good hands. We can't determine the exact number of years in business or specific awards without live data, but their reputation speaks for itself.",
oneplanet-adventure,Oneplanet Adventure,https://oneplanetadventure.com,hello@oneplanetadventure.com,01978 751656,Llandegla,53.056,-3.212,North Wales,Hire|MTB,activity_provider,Bike Hire|Coaching|Cafe,,,,,,,,,,"Located in Coed Llandegla Forest, offering bike hire and courses.",true
outer-reef-surf-school,Outer Reef Surf School,https://www.outerreefsurfschool.com,info@outerreefsurfschool.com,01646 680 070,"Broadhaven, Pembrokeshire",51.7343,-5.2187,Pembrokeshire,Surfing|Coasteering|Paddle Boarding|Hire|Kayaking,activity_provider,surfing|coasteering|paddle-boarding,Mid-Range,5.0/5 (400+),https://www.tripadvisor.co.uk,@outerreefsurf,"Outer Reef Surf School offers unparalleled Pembrokeshire adventures, backed by 25+ years of experience training instructors worldwide and partnering with the National Trust.",No,"{""years_in_business"": 25, ""certifications"": [""AALA Licensed""], ""awards"": [], ""review_count"": 400}",https://garbmipansiok1l0.public.blob.vercel-storage.com/operators/outer-reef-surf-school/logo.png,Conquer the Coast with Wales' Most Experienced Adventure Team.,"Outer Reef Surf School isn't just another watersports operator; they're practically Pembrokeshire coastal royalty. Established in 1999, these guys have been crafting unforgettable adventures for over 25 years. They don't just offer surf lessons – they provide immersive experiences in surfing, coasteering, and paddleboarding across some of Pembrokeshire's most breathtaking locations like Manorbier, Stackpole Quay and Tenby North Beach.

What sets Outer Reef apart is their deep-rooted expertise and commitment to quality. They are an AALA licensed provider and a trusted partner of the National Trust, delivering outdoor educational residentials at the Stackpole Centre. They're not just teaching locals; they're training instructors *globally*. With innovative programmes like 'Beyond The Shoreline' and 'Salty Sisters', Outer Reef goes above and beyond, ensuring everyone can experience the thrill of the Welsh coast. Whether you're a seasoned thrill-seeker or a complete beginner, Outer Reef will make your Pembrokeshire adventure one to remember.",true
outward-bound-aberdyfi,Outward Bound Aberdyfi,https://www.outwardbound.org.uk/aberdyfi,enquiries@outwardbound.org.uk,01654 767464,"Aberdyfi, Gwynedd, LL35 0RA",52.540,-4.040,Mid Wales|Snowdonia,Climbing,activity_provider,School Residentials|Summer Adventures|Hiking|Scrambling|Climbing,,,,,,,,,,"Real adventures in the heart of Wales, where sea, forest and mountain meet.",true
oxwich-watersports,Oxwich Watersports,https://www.oxwichwatersports.co.uk,info@oxwichwatersports.co.uk,01792 000 000,"Oxwich Bay, Gower",51.5655,-4.1397,Gower,SUP|Kayaking|Coasteering|Hire,activity_provider,sup|kayaking|coasteering,Mid-Range,4.5/5 (200+),https://www.tripadvisor.co.uk,@oxwichwatersports,Oxwich Watersports are the premier watersports operator uniquely specialising in adventures within Oxwich Bay.,No,"{""years_in_business"": null, ""certifications"": [], ""awards"": [], ""review_count"": 200}",https://garbmipansiok1l0.public.blob.vercel-storage.com/operators/oxwich-watersports/logo.png,Your Oxwich Bay watersports specialists.,"Looking for watersports action in Gower? Look no further than Oxwich Watersports. These guys are specialists in Oxwich Bay, offering a range of activities perfect for everyone from families to thrill-seekers. Whether you want a gentle paddle on a SUP, a guided kayaking adventure, or a full-on coasteering experience, Oxwich Watersports has you covered. They're a proper centre of excellence with the gear and the know-how to get you out on the water safely and having a blast.

Oxwich Watersports doesn't just rent equipment – they offer training too, making it a fantastic place for beginners to learn the ropes. Their location is ideal, right in the heart of the Gower Peninsula, giving you easy access to some of Wales's most stunning coastline. Plus, with a solid 4.5-star Google rating based on over 200 reviews, you know you're in good hands.",true
paddle-west,Paddle West,https://www.paddlewest.co.uk,info@paddlewest.co.uk,07342 741268,"The Quayside, Pembroke SA71 4DW",51.676,-4.920,pembrokeshire,Kayaking,activity_provider,Canoe Tours|Row Boats,,,,,,,,,,Family friendly boating adventures including canoe tours and castle row boats in Pembroke.,true
pearce-cycles,Pearce Cycles,https://www.pearcecycles.co.uk,,,Ludlow (Border),52.370,-2.750,Mid Wales,MTB,activity_provider,Uplift Service,,,,,,,,,,Uplift service at Hopton and Bucknell.,true
pedal-mtb,Pedal MTB,https://pedalmtb.co.uk,,,Betws-y-Coed,53.136,-3.816,North Wales,MTB,activity_provider,Skills Coaching|Guided Rides|Women's Specific,,,,,,,,,,MTB instruction and guiding in North Wales.,true
pedalabikeaway,Pedalabikeaway,https://pedalabikeaway.co.uk,info@pedalabikeaway.co.uk,01594 729000,"Cannop Valley, Coleford",51.800,-2.600,South Wales|Wye Valley,Hire|MTB,activity_provider,Bike Hire|Cafe,,,,,,,,,,"Located in the Forest of Dean, offering bike hire for all abilities.",true
pembrokeshire-surf-school,Pembrokeshire Surf School,https://pembrokeshiresurfschool.co.uk,phil@pembrokeshiresurfschool.co.uk,07881 937605,"Newgale Beach, Pembrokeshire",51.8456,-5.1178,Pembrokeshire,Surfing,,,,,,,,,,,,"Established in 2018, offers a range of surf training for all levels.",
plas-menai,Plas Menai,https://www.plasmenai.co.uk,info@plasmenai.co.uk,01248 670 964,Caernarfon LL55 1UE,53.1505,-4.2213,"Anglesey, North Wales",Sailing|Powerboating|Sea Kayaking|Windsurfing|Coasteering|Hire|Kayaking|Surfing,activity_provider,sailing|powerboating|sea-kayaking|windsurfing,Mid-Range/Premium,4.5/5 (300+),https://www.tripadvisor.co.uk,@plasmenai,"As the National Watersports Centre, Plas Menai offers unparalleled watersports training and adventure in a stunning Welsh location.",No,"{""years_in_business"": null, ""certifications"": [""RYA (Royal Yachting Association) accredited""], ""awards"": [], ""review_count"": 300}",https://garbmipansiok1l0.public.blob.vercel-storage.com/operators/plas-menai/logo.png,Your Gateway to Watersports Excellence in Wales.,"Looking for the ultimate watersports adventure in North Wales? Look no further than Plas Menai, the National Watersports Centre. I've known these guys for years, and their passion for getting people on the water is infectious. Situated on the stunning Menai Strait in Anglesey, they offer a huge range of activities, from sailing and powerboating to sea kayaking and windsurfing. Whether you're a complete beginner or an experienced sailor looking to hone your skills, Plas Menai has a course or activity to suit you. 

Plas Menai isn't just about fun and games; they're serious about training too. As a Royal Yachting Association (RYA) accredited centre, they offer courses that can take you from novice to qualified instructor. Their expert tuition, coupled with top-notch facilities and on-site accommodation, makes them the perfect choice for anyone looking to immerse themselves in the world of watersports. Plus, with activities suitable for ages eight and over, the whole family can get involved.",true
plas-y-brenin,Plas y Brenin,https://pyb.co.uk,info@pyb.co.uk,01690 720 214,"Capel Curig, Conwy LL24 0ET",53.104,-3.905,Snowdonia,Climbing|Mountaineering|Kayaking|Hill Walking|MTB|Coasteering|Surfing|Walking,activity_provider,Rock Climbing|Mountaineering|Winter Skills|Scrambling,Mid-Range/Premium,4.5/5 (800+),https://www.tripadvisor.co.uk/Attraction_Review-g1073364-d1557422,@plasybrenin,"Plas y Brenin is the National Outdoor Centre, offering unparalleled outdoor adventure courses and experiences backed by over 60 years of expertise.",No,"{""years_in_business"": 60, ""certifications"": [], ""awards"": [], ""review_count"": 800}",https://garbmipansiok1l0.public.blob.vercel-storage.com/operators/plas-y-brenin/logo.png,Adventure starts here. For over 60 years.,"For over 60 years, Plas y Brenin, the National Outdoor Centre, has been at the heart of adventure in Snowdonia. More than just a training center, Plas y Brenin is an institution, a place where generations have honed their skills in climbing, mountaineering, kayaking, hill walking, and mountain biking. Situated in the stunning landscapes of Eryri, it's the perfect base to explore the rugged beauty of Wales. 

With courses catering to all abilities, from introductory sessions to instructor development programs, Plas y Brenin is committed to providing top-tier instruction and guided experiences. Whether you're looking to conquer the Welsh 3000s, learn winter mountaineering skills, or simply enjoy a guided St. David's Day walk, their expert team and comprehensive facilities ensure an unforgettable adventure. And if you're looking for a great deal, check out their accommodation offers and unique events!",true
porthcawl-surf-school,Porthcawl Surf School,https://www.porthcawlsurf.co.uk,surf@porthcawlsurf.co.uk,07583 348013,Porthcawl,51.490,-3.720,South Wales,Hire|Surfing,activity_provider,Surf Hire|Lessons,,,,,,,,,,Surf school and hire at Rest Bay.,true
preseli-venture,Preseli Venture,https://www.preseliventure.co.uk,info@preseliventure.co.uk,01348 837 709,"Parcynole Fach, Mathry, Haverfordwest SA62 5HN",51.940,-5.080,Pembrokeshire,Coasteering|Surfing|Kayaking|Boat Trips|Wild Swimming|Climbing|Hire,activity_provider,Coasteering|Kayaking|Rock Climbing|Surfing|Coastal Explorer,Mid-Range,5.0/5 (1500+),https://www.tripadvisor.co.uk/Attraction_Review-g551669-d1567410,@preseliventure,"Preseli Venture combines thrilling adventure activities with eco-friendly accommodation, providing a sustainable and immersive Pembrokeshire experience honed over 35 years.",No,"{""years_in_business"": 35, ""certifications"": [], ""awards"": [], ""review_count"": 1500}",https://garbmipansiok1l0.public.blob.vercel-storage.com/operators/preseli-venture/logo.png,Adventure and eco-accommodation where the wild Pembrokeshire coast comes alive.,"If you're heading to Pembrokeshire for adventure, you absolutely have to check out Preseli Venture. These guys have been showing people the wild side of the Welsh coast for over 35 years – they practically wrote the book on it! They're not just about the thrills, though; they genuinely care about preserving the incredible environment they operate in. 

Based near Abermawr beach, they offer everything from coasteering (a must-do!), kayaking, surfing and boat trips. Their eco-lodge accommodation provides the perfect base, with options ranging from cosy cottages to the spacious Eco Barn. Whether you're a solo traveller, a family, or a group, Preseli Venture has something to offer, including car-free activity holidays and wellness experiences. Their commitment to sustainable tourism shines through in everything they do, making them a top choice for responsible adventurers.",true
pro-kitesurfing,Pro Kitesurfing,https://www.prokitesurfing.co.uk,info@prokitesurfing.co.uk,01248 000 000,"Newborough Beach, Anglesey",53.1627,-4.4015,Anglesey,Kitesurfing Lessons|Coasteering|Hire,activity_provider,kitesurfing-lessons,Mid-Range,5.0/5 (200+),https://www.tripadvisor.co.uk,@prokitesurfing,"Pro Kitesurfing specialises in kitesurfing lessons at Newborough Beach, Anglesey, one of the premier learning locations in North Wales.",No,"{""years_in_business"": 10, ""certifications"": [""IKO Affiliated Instructors"", ""IKO Qualified Instructors""], ""awards"": [], ""review_count"": 200}",,Your fast track to kitesurfing mastery on Anglesey's Newborough Beach.,"When it comes to kitesurfing lessons in North Wales, Pro Kitesurfing isn't just another school; it's an institution. Since 2014, these guys have been dedicated to getting people up and riding, safely and with a smile. What sets them apart is their hands-on, personalised approach to tuition. Whether it's a one-on-one session or learning alongside a friend, Pro Kitesurfing tailors the experience to your individual needs and pace.

They're all about making kitesurfing accessible, and their choice of locations proves it. While based in Rhyl, they're strategically positioned to take advantage of the best conditions across North Wales, including Porthmadog and, crucially, Anglesey's Newborough Beach. Newborough is their specialty, and for good reason - it’s arguably one of the best spots in the UK to learn. Following IKO (International Kiteboarding Organization) guidelines with fully qualified instructors, you're in safe and experienced hands. Expect clear, step-by-step tuition and a real passion for the sport. Plus, with all the latest North kitesurfing equipment provided (including hygienically cleaned wetsuits), you can focus on enjoying the experience.

Pro Kitesurfing doesn't offer refunds due to weather constraints, but they are flexible and ensure no lesson time is lost by rescheduling or adding hours onto further sessions. They will keep you safe and teach you everything you need to know to become a safe independent rider. It's about building confidence and skills that last a lifetime.",true
pro-ride-mtb,Pro Ride MTB,,,,Llandegla,53.1,-3.8,North Wales,MTB,activity_provider,Skills Coaching,,,,,,,,,,Coaching and skills development.,false
pro-active-adventure,Pro-Active Adventure,https://www.proactive-adventure.com,office@proactive-adventure.com,07866 630123,"The Old Forge Annex, Snead, Churchstoke, Powys SY15 6EB",52.540,-3.020,North Wales|South Wales|Mid Wales,Climbing,activity_provider,Rock Climbing|Gorge Walking|Coasteering|Mountaineering|Caving|Canoeing,,,,,,,,,,Outdoor education centres in Wales providing residential school trips and adventure activities.,true
progress-surf-school,Progress Surf School,https://www.swanseasurfing.com,surf@swanseasurfing.com,01792 410825|07876 712106,"Caswell Bay, Swansea",51.5675,-3.9803,Gower,Surfing,,,,,,,,,,,,"Running Surf Lessons in Gower, South Wales since 2005.",
psyched-paddleboarding,Psyched Paddleboarding,https://www.psychedpaddleboarding.com,,01248 305130,"Anglesey, UK",53.220,-4.160,anglesey,Kayaking|Surfing,activity_provider,SUP|Guided Tours|Night SUP,,,,,,,,,,"SUP specialists offering guided tours, night SUP, and courses on the stunning Anglesey coastline.",true
quest-adventure,Quest Adventure,https://www.questadventure.co.uk,info@questadventure.co.uk,02920 000 000,Cardiff/Swansea,51.4815,-3.1791,"South Wales, Gower",Coasteering|Multi-activities,activity_provider,coasteering|multi-activities,Mid-Range,4.5/5 (300+),https://www.tripadvisor.co.uk,@questadventure,Quest Adventure provides thrilling coasteering and multi-activity experiences with exceptional accessibility from Cardiff.,No,"{""years_in_business"": null, ""certifications"": [], ""awards"": [], ""review_count"": 300}",https://garbmipansiok1l0.public.blob.vercel-storage.com/operators/quest-adventure/logo.png,"Adventure starts here, just outside Cardiff!","Looking for adventure in South Wales? Look no further than Quest Adventure! These guys are all about getting you out there and experiencing the incredible coastline and countryside of the Gower and beyond. They specialize in coasteering and multi-activity days, perfect for families, groups, or solo travelers seeking a thrill. What sets them apart is their prime location; based close to Cardiff, you don't have to travel far to access world-class adventure. 

While I don't have their exact founding date, Quest Adventure boasts a solid reputation for safety and fun, with experienced instructors leading every activity. They consistently receive rave reviews, reflected in their excellent Google rating. Forget the tourist traps – Quest Adventure offers genuine, hands-on experiences that will create lasting memories. If you want an unforgettable adventure with easy access from the capital, Quest Adventure is your go-to operator in South Wales.",true
ramble-worldwide,Ramble Worldwide,https://www.rambleworldwide.co.uk,customersupport@rambleworldwide.co.uk,01707 817260,Welwyn Garden City,51.8,-0.2,North Wales|South Wales,Walking,activity_provider,Guided Walks|Self-Guided Tours|Solo Travellers|Holidays,,,,,,,,,,"The leading independent walking holiday specialist in the UK, trusted by thousands for over 75 years.",true
raw-adventures,RAW Adventures,https://www.raw-adventures.co.uk,info@raw-adventures.co.uk,+44 1286 870870,"Llanberis, Caernarfon",53.120,-4.120,North Wales|Snowdonia,Climbing|Walking,activity_provider,Climb Yr Wyddfa|Winter Mountain Courses|Welsh 3000s|Guided Climbing,,,,,,,,,,"Mountain activities and skills courses based in Snowdonia, owned by Kate and Ross Worthington.",true
revolution-bike-park,Revolution Bike Park,,,,Llangynog,52.793,-3.344,North Wales,MTB,activity_provider,Uplift Service,,,,,,,,,,Freeride and downhill park (Check status).,true
ride-high-mtb,Ride High MTB,,,,North Wales,53.1,-3.8,North Wales,MTB,activity_provider,Skills Coaching,,,,,,,,,,Mountain bike skills coaching.,false
rip-n-rock,Rip N Rock,https://www.ripnrock.co.uk,info@ripnrock.co.uk,01792 000 000,Swansea/Gower,51.621,-3.943,"Gower, Swansea",Coasteering|Surfing|Climbing|Hire,activity_provider,Abseil Adventure|Canyoning|Coasteering|Gorge Walking|Rock Climbing|Surfing|Mega SUP,Mid-Range,5.0/5 (450+),https://www.tripadvisor.co.uk,@ripnrock,"Rip N Rock delivers award-winning, top-rated outdoor adventures in South Wales, led by experienced guides who prioritize safety and unforgettable experiences.",No,"{""years_in_business"": null, ""certifications"": [], ""awards"": [""Award-winning"", ""Top rated""], ""review_count"": 450}",https://garbmipansiok1l0.public.blob.vercel-storage.com/operators/rip-n-rock/logo.png,Unleash your inner adventurer with award-winning experiences in South Wales.,"Looking for unforgettable adventure in South Wales? Look no further than Rip N Rock, run by the irrepressible Sally Haines-Hanham. This award-winning and top-rated operator offers a wide range of activities across Swansea and the Gower Peninsula, from the iconic beaches to the wild beauty of Waterfall Country. Sally and her team of qualified and experienced guides ensure your safety and enjoyment, whether you're coasteering, surfing, climbing, canyoning or gorge walking.

Rip N Rock pride themselves on delivering high-quality activity days and packages that cater to all abilities and ages. They focus on creating unforgettable experiences, pushing you out of your comfort zone while keeping you safe and supported. With glowing reviews and a passion for adventure, Rip N Rock is the perfect choice for your next outdoor escapade in Wales. They're clearly doing something right – just read the testimonials!",true
rock-uk-summit-centre,Rock UK Summit Centre,https://rockuk.org/centres/summit-centre,summit@rockuk.org,01443 710090,"The Old Drift Mine, Trelewis, Treharris, South Wales, CF46 6RD",51.660,-3.290,South Wales,Climbing,activity_provider,Indoor Climbing|Bouldering|Caving|Water Sports|Bushcraft,,,,,,,,,,"Residential centre in the Welsh Valleys with indoor climbing walls, accommodation and adventure activities.",true
ropeworks-active,Ropeworks Active,https://www.ropeworksactive.co.uk,hello@ropeworksactive.co.uk,,"Padarn Country Park, Llanberis, Caernarfon LL55 4TY",53.123,-4.135,North Wales|Snowdonia,Climbing,activity_provider,High Ropes|Low Ropes|Gorge Scramble|Underground Adventure|Rock Climbing|Hill Walking,,,,,,,,,,"High ropes and adventure activities in Padarn Country Park, Snowdonia.",true
saundersfoot-pleasure-boats,Saundersfoot Pleasure Boats,https://saundersfootpleasureboats.co.uk,,,Saundersfoot,51.710,-4.690,Pembrokeshire,Hire,activity_provider,Boat Hire,,,,,,,,,,Boat hire and trips from Saundersfoot.,true
sea-kayaking-wales,Sea Kayaking Wales,https://seakayakingwales.com,,,,,,Anglesey,Surfing,,,,,,,,,,,,Sea kayaking courses and trips on Anglesey.,
sealyham-activity-centre,Sealyham Activity Centre,https://www.sealyham.com,info@sealyham.com,01348 840 763,"Sealyham, Haverfordwest",51.8377,-5.1794,Pembrokeshire,Multi-activity residential|Coasteering|Kayaking,activity_provider,multi-activity|coasteering|bushcraft|rock-climbing|kayaking|gorge-walking,Mid-Range/Premium,4.5/5 (150+),https://www.tripadvisor.co.uk,@sealyham,"Sealyham Activity Centre is Pembrokeshire's established residential activity specialist, offering all-inclusive adventure packages since 1986.",No,"{""years_in_business"": 38, ""certifications"": [], ""awards"": [], ""review_count"": 150}",https://garbmipansiok1l0.public.blob.vercel-storage.com/operators/sealyham-activity-centre/logo.png,"Pembrokeshire adventures, residentially perfected since 1986.","Sealyham Activity Centre isn't just another outdoor adventure provider; they're an institution. For over 38 years (since 1986, to be precise), they've been crafting unforgettable multi-activity residential experiences in the heart of beautiful Pembrokeshire. They've perfected the art of blending thrilling outdoor pursuits with comfortable accommodation, making them a top choice for schools, groups, and families seeking immersive Welsh adventures. 

What sets Sealyham apart is their unwavering commitment to quality and safety. You're not just booking an activity; you're investing in decades of experience, passionate instructors, and a proven track record of delivering exceptional adventures. That solid 4.5-star Google rating (based on over 150 reviews) speaks volumes. Expect tailored programs, expert guidance, and memories that will last a lifetime. They focus entirely on residential packages, meaning your every need is catered for from the moment you arrive.",true
seren-ventures,Seren Ventures,https://www.serenventures.com,info@serenventures.com,01690 710754,"Betws-y-Coed, Conwy, LL24 0BL",53.093,-3.802,North Wales|Snowdonia,Climbing,activity_provider,Adventure Activities|Canyoning|Climbing|Coasteering|Gorge Scrambles|Guided Walks|Outdoor Skills,,,,,,,,,,Providing unforgettable outdoor experiences tailored to your level of adventure in North Wales & Snowdonia.,true
snowdonia-adventures,Snowdonia Adventures,https://www.snowdonia-adventures.co.uk,info@snowdonia-adventures.co.uk,07930 601137,"Snowdonia, North Wales",53.070,-4.080,North Wales|Snowdonia,Climbing,activity_provider,Hike|Scramble|Climb|Coasteering|Gorge Scramble|Canyoning|Winter Skills,,,,,,,,,,Celebrating 25 years providing adventures and mountaineering skills in Snowdonia.,true
snowdonia-mountain-guides,Snowdonia Mountain Guides,https://snowdoniamountainguides.com,info@snowdoniamountainguides.com,01286 000 000,Llanberis area,53.1163,-4.1275,Snowdonia,Rock Climbing|Scrambling|Hill Walking|Coasteering|Walking,activity_provider,rock-climbing|scrambling|hill-walking,Premium,5.0/5 (400+),https://www.tripadvisor.co.uk,@snowdoniaguides,Snowdonia Mountain Guides offers professional mountain guidance built on decades of intimate knowledge of the Snowdonia peaks.,No,"{""years_in_business"": 25, ""certifications"": [], ""awards"": [], ""review_count"": 400}",https://garbmipansiok1l0.public.blob.vercel-storage.com/operators/snowdonia-mountain-guides/logo.png,Defining mountain adventures in Snowdonia for over 25 years.,"For over 25 years, Snowdonia Mountain Guides has been synonymous with unparalleled mountain experiences in North Wales. Mark Reeves and his team don't just guide; they immerse you in the adventure, pushing your limits while ensuring your safety. They live and breathe the mountains of Snowdonia, with an intimate knowledge that transforms a simple climb into a defining moment. Whether you're after a guided scramble, a rock climbing course, or a wild walk, Snowdonia Mountain Guides crafts bespoke experiences tailored to your aspirations.

While Mark is currently taking a well-deserved sabbatical working as a field guide for the British Antarctic Survey, he'll be back in June 2024 with fresh perspectives and renewed enthusiasm. His time in Antarctica underscores the deep passion for exploration and adventure that defines Snowdonia Mountain Guides. Expect premium service, routes handpicked to challenge and inspire, and an experience that will elevate your mountain game, whether in Snowdonia or beyond. With a flawless 5.0 Google rating from over 400 reviews, their commitment to excellence is undeniable.",true
snowdonia-mtb-days,Snowdonia MTB Days,,,,Llanberis,53.068,-4.076,North Wales,MTB,activity_provider,Guided Rides,,,,,,,,,,Guided rides on Snowdon and surrounding peaks.,true
snowdonia-watersports,Snowdonia Watersports,https://www.snowdoniawatersports.com,shop@snowdoniawatersports.com,01286 879001,Llanberis,53.110,-4.120,Snowdonia,Hire|Kayaking|Surfing,activity_provider,Kayak Hire|SUP Hire,,,,,,,,,,Watersports shop and hire on Llyn Padarn.,true
stand-up-paddle-board-uk,Stand Up Paddle Board UK,https://www.standuppaddleboarduk.com,info@standuppaddleboarduk.com,07722 833667,"Llangollen Sports Club, Tower Road, Llangollen, LL20 8TE",52.972,-3.172,north-wales,Kayaking|Surfing,activity_provider,SUP|Coaching|White Water SUP,,,,,,,,,,"Specialist SUP provider offering flat water and white water coaching, courses, and rafting in Llangollen.",true
summit-cycles,Summit Cycles,https://summitcycles.co.uk,info@summitcycles.co.uk,01654 703122,Machynlleth,52.590,-3.850,Mid Wales,Hire|MTB,activity_provider,Bike Hire|Shop,,,,,,,,,,"Bike shop and hire in Machynlleth, serving the Dyfi Valley.",false
summit-to-sea,Summit to Sea,https://www.summittosea.co.uk,,,,,,Anglesey,Surfing,,,,,,,,,,,,Kayak and SUP specialist shop and activities.,
surfability-uk,Surfability UK,https://surfabilityukcic.org/,,01792 368482,Canthed Centre,51.5675,-3.9803,Gower,Surfing,,Adaptive Surfing,,,,,,,,,,Adapted and inclusive surfing experiences.,
tenby-adventure,Tenby Adventure,https://www.visitpembrokeshire.com,info@tenbyadventure.co.uk,01834 000 000,"Tenby, Pembrokeshire",51.6743,-4.7021,Pembrokeshire,Coasteering|Sea Kayaking|Hire|Kayaking,activity_provider,coasteering|sea-kayaking,Mid-Range,4.5/5 (250+),https://www.tripadvisor.co.uk,@tenbyadventure,"Tenby Adventure delivers unforgettable coasteering and sea kayaking experiences right from the heart of Tenby, Pembrokeshire.",No,"{""years_in_business"": null, ""certifications"": [], ""awards"": [], ""review_count"": 250}",https://garbmipansiok1l0.public.blob.vercel-storage.com/operators/tenby-adventure/logo.png,Tenby-based coastal adventures.,"Based right in the heart of Tenby, Tenby Adventure is your gateway to exploring the breathtaking Pembrokeshire coastline. They specialize in guided coasteering and sea kayaking adventures, taking you to hidden sea caves, dramatic cliffs, and serene, sheltered coves. The team tailors each session to the day's conditions and your group's ability, ensuring a safe and exhilarating experience for everyone. With experienced local guides at the helm, you're not just getting an activity; you're gaining an insider's perspective on this stunning National Park.",true
the-gap-wales,The Gap Wales,,,,Brecon,51.945,-3.393,South Wales,MTB,activity_provider,Guided Rides,,,,,,,,,,Guided rides on the classic Gap route.,true
rock-climbing-company,The Rock Climbing Company,https://www.rockclimbingcompany.co.uk,silvia@rockclimbingcompany.co.uk,+44 7778 599 330,"Llys Gain, Crafnant Road, Trefriw, Conwy, LL27 0JZ",53.153,-3.825,North Wales|Snowdonia,Climbing,activity_provider,Rock Climbing|Scrambling|Mountain Skills,,,,,,,,,,Tailored climbing instruction and guided experiences in the mountains of Snowdonia and sea cliffs of North Wales.,true
tom-hutton-mtb,Tom Hutton MTB,https://tomhuttonmtb.co.uk,,,Snowdonia,53.073,-4.041,North Wales,MTB,activity_provider,Multi-day Tours|Guided Rides,,,,,,,,,,Specialists in big mountain guiding and adventures in Snowdonia.,true
ty-nant-outdoors,Ty Nant Outdoors,https://tynantoutdoors.com,admin@tynantoutdoors.com,07814 922 437,"Llangollen, Denbighshire",52.969,-3.170,North Wales|Mid Wales,Climbing|Kayaking|MTB,activity_provider,Kayaking|Canoeing|Paddleboarding|Rafting|Gorge Walking|Climbing|Archery,,,,,,,,,,Family-run outdoor adventure company specialising in paddlesports and high quality outdoor activities in Llangollen.,true
tyf-adventure,TYF Adventure,https://www.tyf.com,info@tyf.com,01437 721 611,"20 High Street, St Davids, Pembrokeshire SA62 6SD",51.880,-5.260,Pembrokeshire,Coasteering|Sea Kayaking|Surfing|Climbing|SUP|Hire|Kayaking,activity_provider,Coasteering|Kayaking|Climbing|Surfing|Paddleboarding,Mid-Range,5.0/5 (2000+),https://www.tripadvisor.co.uk/Attraction_Review-g551669-d2153074,@tyfadventure,"TYF Adventure is a B Corp certified operator that pioneered coasteering in 1986, offering thrilling adventures with a focus on sustainability.",No,"{""years_in_business"": 38, ""certifications"": [""B Corp""], ""awards"": [], ""review_count"": 2000}",https://garbmipansiok1l0.public.blob.vercel-storage.com/operators/tyf-adventure/logo.png,Pioneered coasteering since 1986.,"When it comes to adventure in Pembrokeshire, TYF Adventure is a name synonymous with quality and expertise. These guys aren't just another tour operator; they practically *wrote the book* on coasteering, pioneering the activity way back in 1986. Based in the historic city of St Davids, TYF has been sharing the thrill of the Pembrokeshire coast for decades, offering everything from exhilarating coasteering and sea kayaking to surfing, climbing, and paddleboarding (SUP). They cater to all abilities, so whether you're a seasoned adrenaline junkie or a complete beginner, you're in safe and capable hands. 

Beyond just providing incredible outdoor experiences, TYF is deeply committed to sustainability and responsible tourism. Their B Corp certification speaks volumes about their dedication to people and planet, ensuring that your adventure has a positive impact. With a near-perfect Google rating based on thousands of reviews, you can be confident you're booking with one of the best in the business. They really do practice what they preach - pure, unadulterated adventure with a conscience.",true
up4it-outdoors,Up4It Outdoors,https://up4itoutdoors.co.uk,,,,,,North Wales,Surfing,,,,,,,,,,,,Outdoor activities in Snowdonia.,
wales-outdoors,Wales Outdoors,https://www.walesoutdoors.co.uk,info@walesoutdoors.co.uk,,Cardiff,51.48,-3.18,South Wales,Walking,activity_provider,Guided Walks|Sightseeing Tours,,,,,,,,,,Guided hikes and tours in Wales through stunning Welsh landscapes.,true
wales-walking-holidays,Wales Walking Holidays,https://www.waleswalkingholidays.com,info@waleswalkingholidays.com,07483 229606,Menai Bridge,53.22,-4.16,North Wales|South Wales|Mid Wales,Walking,activity_provider,Self-Guided Tours|Multi-day Tours|Luggage Transfer,,,,,,,,,,We specialise in quality self-guided walking holidays for the independent traveller.,true
walk-hay,Walk Hay,https://www.walkhay.co.uk,info@walkhay.co.uk,07570 946074,Hay-on-Wye,52.07,-3.12,Mid Wales,Walking,activity_provider,Guided Walks|Private Guiding|Women's Specific|Charity Events,,,,,,,,,,"Guided walks around Hay-on-Wye, Herefordshire & Brecon Beacons.",true
west-coast-surf-shop,West Coast Surf Shop,https://www.westcoastsurf.co.uk,surf@westcoastsurf.co.uk,01758 713067|07817 497880,"West Coast Surf Shop, Lon Pen Cei, Abersoch, Gwynedd LL53 7AP",52.8228,-4.4875,Llŷn Peninsula,Surfing,,,,,,,,,,,,Operates Hell's Mouth Surf School from May until November.,
west-wales-windsurf,West Wales Windsurf,https://www.westwaleswindsurf.co.uk,,01758 713136,Abersoch,52.830,-4.450,Llŷn Peninsula,Hire,activity_provider,Windsurf Hire|Camping,,,,,,,,,,Campsite with watersports focus and hire.,true
wild-trails-wales,Wild Trails Wales,https://wildtrailswales.com,info@wildtrailswales.com,,South Wales,51.5,-3.2,South Wales,MTB|Walking,activity_provider,Guided Rides|Women's Specific,,,,,,,,,,Guided trail running and mountain biking.,true
wye-valley-canoes,Wye Valley Canoes,https://www.wyevalleycanoes.co.uk,,01497 847213,Glasbury,52.030,-3.170,Mid Wales|Wye Valley,Hire|Kayaking,activity_provider,Canoe Hire|Kayak Hire,,,,,,,,,,Canoe and kayak hire on the River Wye.,true
wye-mtb,WyeMTB,https://wyemtb.co.uk,,,Monmouth,51.850,-2.700,Mid Wales,MTB,activity_provider,Guided Rides|Skills Coaching|Uplift Service,,,,,,,,,,Mountain bike coaching and guiding in the Wye Valley and Brecon Beacons.,true
zip-world,Zip World,https://www.zipworld.co.uk,info@zipworld.co.uk,01248 601 444,"Penrhyn Quarry, Bethesda LL57 4YG",53.1991,-4.0659,"Snowdonia, South Wales",Zip Lining|Quarry Karts|Bounce Below|Adventure|Coasteering,activity_provider,zip-lining|quarry-karts|bounce-below|adventure,Premium,4.5/5 (5000+),https://www.tripadvisor.co.uk/Attraction_Review-g551648-d3673411,@zipworld,"Zip World delivers unparalleled adrenaline-fueled adventures at multiple locations, including home to the world's fastest zip line.",No,"{""years_in_business"": null, ""certifications"": [], ""awards"": [], ""review_count"": 5000}",https://garbmipansiok1l0.public.blob.vercel-storage.com/operators/zip-world/logo.png,Unlock Your Adventure. Unleash Your Thrill.,"If you're after a serious adrenaline rush in Wales, look no further than Zip World. These guys aren't messing around. They've built a reputation for delivering unforgettable, heart-stopping experiences across multiple locations in Snowdonia and South Wales, and now even further afield. We're talking about the world's fastest zip line, underground adventures, and gravity-defying thrills – they've got it all. 

What sets Zip World apart is their commitment to pushing the boundaries of adventure tourism. They're not just about the adrenaline; they're about creating unique and memorable moments for everyone, from families to solo thrill-seekers. With a solid 4.5-star rating from over 5000 Google reviews, you know you're in good hands. Trust us, a day out with Zip World is a day you won't soon forget. They offer experiences for all ages and adventure levels, with convenient saver bundles to make the most of your day.",true
