name,region,service_type,route_number,operator,start_point,end_point,key_stops,frequency,season,bike_friendly,website,description,adventure_tips
Snowdon Sherpa S1,North Wales,Sherpa,S1,Transport for Wales,Llanberis,Bangor,"Caernarfon, Pen-y-Pass",Hourly,Year-round,Yes,https://www.snowdonia.gov.wales,Vital link between Llanberis and rail network at Bangor.,"Connects to Snowdon trailheads (Llanberis Path, Pen-y-Pass). Best for train arrivals."
Snowdon Sherpa S2,North Wales,Sherpa,S2,Transport for Wales,Betws-y-Coed,Llanberis,"Capel Curig, Pen-y-Pass",Hourly,Year-round,Yes,https://www.snowdonia.gov.wales,Circular route connecting the east and west of Snowdonia.,Ideal for completing linear hikes over Snowdon or the Glyderau.
Snowdon Sherpa S97,North Wales,Sherpa,S97,Transport for Wales,Llanberis,Pen-y-Pass,Nant Peris,Regular (summer),Summer mainly,Yes,https://www.snowdonia.gov.wales,Dedicated Park & Ride shuttle for Snowdon.,Direct to Pen-y-Pass. Use the Nant Peris car park to avoid congestion.
Snowdon Sherpa S4,North Wales,Sherpa,S4,Transport for Wales,Porthmadog,Pen-y-Pass,Beddgelert,Regular,Year-round,Yes,https://www.snowdonia.gov.wales,Southern access route to the heart of the national park.,Access from Porthmadog and Beddgelert. Stops at Pont Bethania for the Watkin Path.
TrawsCymru T2,Mid Wales,TrawsCymru,T2,Lloyds Coaches,Bangor,Aberystwyth,"Caernarfon, Porthmadog, Dolgellau, Machynlleth",Hourly,Year-round,Yes,https://www.trawscymru.info,Long-distance backbone connecting North and Mid Wales.,Stops right at Coed y Brenin Visitor Centre. Scenic route along the coast and mountains.
TrawsCymru T4,South Wales,TrawsCymru,T4,Stagecoach,Cardiff,Newtown,"Merthyr Tydfil, Brecon, Llandrindod Wells",Hourly,Year-round,Yes,https://www.trawscymru.info,The North-South backbone of Wales transport.,Stops at Storey Arms for Pen y Fan. Great for accessing the central Brecon Beacons.
TrawsCymru T6,South Wales,TrawsCymru,T6,Adventure Travel,Swansea,Brecon,"Neath, Ystradgynlais",Hourly,Year-round,Yes,https://www.trawscymru.info,Direct link from Swansea coast to the Brecon Beacons.,Stops at Dan-yr-Ogof caves and near Fan Gyhirych. Scenic ride through the valleys.
TrawsCymru T12,Mid Wales,TrawsCymru,T12,Lloyds Coaches,Machynlleth,Wrexham,"Newtown, Welshpool, Oswestry",Hourly,Year-round,Yes,https://www.trawscymru.info,Key connector for the eastern border of Mid Wales.,Connects historic market towns and provides access to the Berwyn mountains area.
TrawsCymru T1,Mid Wales,TrawsCymru,T1,First Cymru,Aberystwyth,Carmarthen,"Aberaeron, Lampeter",Hourly,Year-round,Yes,https://www.trawscymru.info,West Wales link connecting university towns.,Mix of coastal and inland scenery. Good for accessing the Ceredigion Coast Path.
TrawsCymru T5,Pembrokeshire,TrawsCymru,T5,Richards Bros,Aberystwyth,Haverfordwest,"Aberaeron, Cardigan, Fishguard",Hourly,Year-round,Yes,https://www.trawscymru.info,The Ceredigion Coast backbone bus.,Follows the coast closely. essential for linear walks on the Coast Path.
TrawsCymru T3,North Wales,TrawsCymru,T3,Lloyds Coaches,Wrexham,Barmouth,"Llangollen, Bala, Dolgellau",Regular,Year-round,Yes,https://www.trawscymru.info,East-West explorer passing through the heart of the mountains.,Stops at Llyn Tegid (Bala) and near the base of Cadair Idris.
TrawsCymru T10,North Wales,TrawsCymru,T10,K&P Coaches,Bangor,Corwen,Betws-y-Coed,Regular,Year-round,Yes,https://www.trawscymru.info,North Wales connector linking the coast to the interior.,Gateway to Eryri from the east. Connects with S2 at Betws-y-Coed.
TrawsCymru T19,North Wales,TrawsCymru,T19,Llew Jones,Llandudno Junction,Blaenau Ffestiniog,"Llanrwst, Betws-y-Coed",Regular,Year-round,No,https://www.llewjones.co.uk,Conwy Valley bus link running parallel to the train line.,Useful alternative to the train. Stops in the centre of Betws-y-Coed.
TrawsCymru T22,North Wales,TrawsCymru,T22,Llew Jones,Blaenau Ffestiniog,Porthmadog,Castell Deudraeth,Regular,Year-round,Yes,https://www.trawscymru.info,Shuttle connecting the slate town to the coast.,Provides access to Antur Stiniog downhill centre.
TrawsCymru T11,Pembrokeshire,TrawsCymru,T11,Richards Bros,Haverfordwest,Fishguard,St Davids,Regular,Year-round,Yes,https://www.trawscymru.info,Pembrokeshire connector for the north-west tip.,Links key coastal towns and the ferry port.
Puffin Shuttle 400,Pembrokeshire,Coastal Bus,400,Richards Bros,St Davids,Marloes,"Newgale, Broad Haven",3x daily (summer),May-Sep,Yes,https://www.pembrokeshire.gov.uk,Coastal bus designed for walkers.,Perfect for linear walks on the coast path. Stops at multiple trailheads.
Strumble Shuttle 404,Pembrokeshire,Coastal Bus,404,Richards Bros,Fishguard,St Davids,Newport,3x daily (summer),May-Sep,Yes,https://www.pembrokeshire.gov.uk,Serves the rugged North Pembrokeshire coast.,Access to Strumble Head and remote sections of the path.
Poppit Rocket 405,Pembrokeshire,Coastal Bus,405,Richards Bros,Cardigan,Fishguard,"St Dogmaels, Newport",3x daily (summer),May-Sep,Yes,https://www.pembrokeshire.gov.uk,North coast path access bus.,"Stops at Poppit Sands, the start/end of the Pembrokeshire Coast Path."
Coastal Cruiser 387,Pembrokeshire,Coastal Bus,387,Pembrokeshire Council,Pembroke,Freshwater West,"Stackpole, Bosherston",3x daily (summer),May-Sep,Yes,https://www.pembrokeshire.gov.uk,South coast access to beaches and lily ponds.,"Access to Stackpole Quay, Bosherston Lily Ponds, and Fresh West surf beach."
Celtic Coaster 403,Pembrokeshire,Coastal Bus,403,Richards Bros,St Davids,St Justinian,Whitesands Bay,Every 30 min (summer),May-Sep,Yes,https://www.pembrokeshire.gov.uk,Frequent shuttle around the St Davids peninsula.,Best way to reach Whitesands Bay and the lifeboat station.
Service 349,Pembrokeshire,Local Bus,349,First Cymru,Tenby,Haverfordwest,Pembroke,Regular,Year-round,No,https://www.firstbus.co.uk,Mainline connector for south Pembrokeshire.,Links the main towns. Good for accessing accommodation hubs.
Service 351,Pembrokeshire,Local Bus,351,First Cymru,Tenby,Amroth,Saundersfoot,Regular,Year-round,No,https://www.firstbus.co.uk,Coast path link for the south-east.,"Access to Amroth, the official start/end of the Coast Path."
Service 315,Pembrokeshire,Local Bus,315,First Cymru,Haverfordwest,Marloes,Dale,Regular,Year-round,No,https://www.firstbus.co.uk,Access to the Milford Haven waterway and Dale.,Stops at Dale for watersports and the peninsula walk.
Gower 118,South Wales,Local Bus,118,Adventure Travel,Swansea,Port Eynon,"Parkmill, Reynoldsston",Regular,Year-round,Yes,https://www.adventuretravel.cymru,South Gower backbone route.,Stops near Three Cliffs Bay (Parkmill) and terminates at Port Eynon beach.
Gower 119,South Wales,Local Bus,119,Adventure Travel,Swansea,Rhossili,"Parkmill, Reynoldsston",Regular,Year-round,Yes,https://www.adventuretravel.cymru,Alternative route to Rhossili via inland villages.,Great for accessing Cefn Bryn and King Arthur's Stone.
Gower 114,South Wales,Local Bus,114,Adventure Travel,Swansea,Rhossili,"Gowerton, Llanrhidian",Regular,Year-round,Yes,https://www.adventuretravel.cymru,North Gower scenic route.,Follows the salt marshes of the Loughor Estuary before heading to Rhossili.
Service X43,South Wales,Local Bus,X43,Stagecoach,Brecon,Abergavenny,Crickhowell,Regular,Year-round,No,https://www.stagecoachbus.com,East Beacons access bus.,Stops in Crickhowell for Table Mountain and near the Sugar Loaf.
Service X1,North Wales,Local Bus,X1,Arriva,Wrexham,Llandudno,"Chester, Holywell",Frequent,Year-round,No,https://www.arrivabus.co.uk,North Coast express service.,Fast access along the coast. Good for Wales Coast Path sections.
Service X4,Anglesey,Local Bus,X4,Arriva,Holyhead,Bangor,"Llangefni, Menai Bridge",Regular,Year-round,No,https://www.arrivabus.co.uk,Anglesey mainline route.,Fast route across the island. Connects ferry port to mainland.
Service 42,Anglesey,Local Bus,42,O R Jones,Bangor,Holyhead,"Newborough, Rhosneigr",Hourly,Year-round,Yes,https://www.orjones.co.uk,West Coast explorer for Anglesey.,Stops at Newborough for the forest and Llanddwyn Island.
Service 4,Anglesey,Local Bus,4,Arriva,Llangefni,Holyhead,"Rhosneigr, RAF Valley",Regular,Year-round,No,https://www.arrivabus.co.uk,The Surfers Bus to Rhosneigr.,Direct access to Rhosneigr beaches for windsurfing and kitesurfing.
Service X50,North Wales,Local Bus,X50,Arriva,Wrexham,Rhyl,"Llandegla, Denbigh",Regular,Year-round,No,https://www.arrivabus.co.uk,Access to Llandegla Forest.,Stops near the entrance to One Planet Adventure MTB centre.
Service 83,South Wales,Local Bus,83,First Cymru,Port Talbot,Glyncorrwg,Cymmer,Regular,Year-round,No,https://www.firstbus.co.uk,Afan Forest access bus.,Nearest public transport to Afan Forest Park trail centre.
Snowdon Sherpa,Snowdonia,bus,,,,,"Llanberis, Pen-y-Pass, Beddgelert, Rhyd Ddu",Frequent (summer),Year-round (reduced winter),,https://www.snowdonia.gov.wales,"This park and ride service offers convenient access to Snowdon, especially useful during the busy summer months. Leave your car at the designated parking area and enjoy a hassle-free journey to the mountain's base.","Park & ride for Snowdon, Frequent summer service, Reduces traffic congestion, Check timetable online before you travel"
S1 (Llanberis-Bangor),North Wales,bus,,,,,"Llanberis, Caernarfon, Bangor",Hourly,Year-round,,https://www.transportforwales.co.uk,This bus service provides a vital link between the popular adventure hub of Llanberis and the wider national rail network. It's a convenient option for those arriving by train and looking to explore Snowdonia.,"Connects to Snowdon trailheads, Check bus times for connections, Ideal for reaching Llanberis from Bangor, Consider purchasing a day ticket, Hourly service may be limited in off-peak season"
S2 (Betws-y-Coed),North Wales,bus,,,,,"Betws-y-Coed, Capel Curig, Llanberis",Hourly,Year-round,,https://www.transportforwales.co.uk,Explore the stunning landscapes of Snowdonia National Park with this convenient circular bus route. Perfect for accessing various trailheads and scenic viewpoints without the hassle of driving.,"Bike spaces limited - book ahead, Connects to Snowdon trailheads, Last bus departure important for planning, Check timetable for specific stop times, Ideal for completing linear hikes"
S97 (Pen-y-Pass),North Wales,bus,,,,,"Llanberis, Pen-y-Pass",Regular (summer),Summer mainly,,https://www.snowdonia.gov.wales,"This bus service offers a direct and convenient connection to Pen-y-Pass, a key starting point for many Snowdon (Yr Wyddfa) ascents and other adventures in the Snowdonia National Park. Operating regularly during the summer months, it provides a car-free alternative for reaching popular trailheads.","Direct to Pen-y-Pass, Connects to Snowdon trailheads, Check timetable for seasonal variations, Suitable for hikers and climbers"
T2 (TrawsCymru),North/Mid Wales,bus,,,,,"Bangor, Betws-y-Coed, Llangollen",Hourly,Year-round,,https://www.trawscymru.info,"This bus route provides a vital link across north Wales, connecting numerous towns and villages. It's a convenient option for exploring the region without a car.","Check the timetable for seasonal variations, Popular with hikers, Consider purchasing a day ticket for flexibility"
X1 (Wrexham-Llandudno),North Wales,bus,,,,,"Wrexham, Llandudno, Colwyn Bay",Frequent,Year-round,,https://www.arrivabus.co.uk,"Need to traverse the scenic North Wales coast? This frequent bus service offers an easy way to hop between towns and villages, perfect for exploring different sections of the coastline without needing a car. Enjoy the views!","Check timetable for seasonal variations, Ideal for accessing coastal path sections, Can be crowded during peak season, Some routes offer luggage storage"
Coastal Cruiser (387/388),Pembrokeshire,bus,,,,,"Pembroke, Stackpole, Freshwater West",3x daily (summer),May-September,,https://www.pembrokeshire.gov.uk,"This bus route provides essential access to the southern coast of Wales, linking key towns and villages. It's a convenient option for reaching coastal paths and beaches without a car during the summer months.","Ideal for accessing coastal walks, Check timetable for seasonal variations, Limited luggage space, Consider early morning departure for longer hikes"
Fflecsi (on-demand),Pembrokeshire,bus,,,,,Various,On-demand,Year-round,,https://www.fflecsi.wales,"On-demand transport offers a flexible way to reach remote trailheads and villages across Wales. Arrange your journey via the operator's app or by phone for convenient, personalized travel.","Download the app before you travel, Confirm pick-up location precisely, Check for phone signal in remote areas, Useful for reaching less accessible climbs, May be more expensive than fixed routes"
349 (Tenby-Pembroke),Pembrokeshire,bus,,,,,"Tenby, Pembroke",Regular,Year-round,,https://www.transportforwales.co.uk,This bus route provides a vital connection between many of the charming coastal towns dotted along the Welsh coast. It's a convenient way to explore different areas without needing a car.,"Check timetable for seasonal variations, Ideal for accessing coastal path sections, Luggage space limited, Some services offer bike racks"
351 (Tenby-Amroth),Pembrokeshire,bus,,,,,"Tenby, Saundersfoot, Amroth",Regular,Year-round,,https://www.transportforwales.co.uk,This bus route provides convenient access to various points along the scenic South Wales Coast Path. It's a great option for hikers looking to complete sections of the path without needing to backtrack to their starting point.,"Check timetable for seasonal variations, Ideal for multi-day hikes, Limited luggage space, Consider a day pass for flexibility"
315 (Haverfordwest-Marloes),Pembrokeshire,bus,,,,,"Haverfordwest, Dale, Marloes",Regular,Year-round,,https://www.pembrokeshire.gov.uk,Explore the stunning Milford Haven waterway by boat. Enjoy scenic views and access remote coastal areas perfect for hiking and wildlife spotting.,"Check tide times for access to certain landing spots, Pack waterproofs - conditions can change quickly, Birdwatching opportunities along the route, Kayak rental available near departure point, Some services stop at islands with limited facilities"
T4 (TrawsCymru),South/Mid Wales,bus,,,,,"Cardiff, Merthyr, Brecon, Llandrindod",Hourly,Year-round,,https://www.trawscymru.info,"This bus route provides a vital east-west connection across Wales, ideal for accessing various adventure destinations. It's a convenient way to traverse the country without a car.","Bike spaces limited - book ahead, Connects to Snowdonia National Park, Check timetable for specific stops, Ideal for hiking access, Pre-booking recommended"
T6 (TrawsCymru),South Wales,bus,,,,,"Swansea, Brecon, Hay-on-Wye",Hourly,Year-round,,https://www.trawscymru.info,The Swansea to Brecon bus provides a convenient link between the coastal city and the heart of the Brecon Beacons National Park. This service offers a direct route to explore the stunning landscapes and outdoor activities of the region.,"Bike spaces limited - enquire ahead, Connects to Brecon Beacons hiking trails, Check return times carefully, Limited weekend service"
X43 (Brecon-Abergavenny),South Wales,bus,,,,,"Brecon, Abergavenny",Regular,Year-round,,https://www.stagecoachbus.com,"This regular bus service provides essential access to the eastern parts of the Brecon Beacons National Park, allowing you to reach trailheads and scenic spots without a car.","Check timetable for seasonal variations, Ideal for day hikes in the east Beacons, Limited service on Sundays and Bank Holidays, Connects to several popular walking routes"
Taff Trail Bus,South Wales,bus,,,,,"Brecon, Merthyr (key points)",Limited,Summer mainly,,https://www.breconbeacons.org,"This limited-service transport option caters specifically to users of the Taff Trail. Check the operator's schedule carefully to avoid being stranded, as service is infrequent.","Limited service, Check timetable in advance, Suitable for cyclists, May require pre-booking, Useful for accessing different sections of the Taff Trail"
42 (Bangor-Holyhead),Anglesey,bus,,,,,"Bangor, Llanfairpwll, Rhosneigr, Holyhead",Hourly,Year-round,,https://www.arrivabus.co.uk,"This bus route provides a convenient way to traverse Anglesey, opening up access to the island's diverse landscapes and activities. Enjoy easy connections to various points of interest across the island.","Bike spaces limited - book ahead, Ideal for coastal path access, Check timetable for seasonal variations"
4 (Llangefni-Rhosneigr),Anglesey,bus,,,,,"Llangefni, Rhosneigr",Regular,Year-round,,https://www.arrivabus.co.uk,Regular bus service connecting the local area to the stunning beaches of Rhosneigr. A convenient option for accessing this popular coastal destination.,"Ideal for surfers, Check bus timetable for seasonal changes, Walking distance to water sports rentals"
X4 (Holyhead-Llandudno),Anglesey/North Wales,bus,,,,,"Holyhead, Bangor, Llandudno",Regular,Year-round,,https://www.arrivabus.co.uk,Explore the stunning Welsh coastline with this regular bus service. This route offers convenient access to many coastal paths and villages.,"Check timetable for seasonal variations, Ideal for hiking sections of the Wales Coast Path, Consider a day pass for hop-on-hop-off flexibility"
114 (Swansea-Rhossili),Gower,bus,,,,,"Swansea, Rhossili",Regular (summer),Year-round (reduced),,https://www.swansea.gov.uk,"Catch this bus to Rhossili Bay, famous for its stunning beach and the iconic Worm's Head tidal island. It's a popular route during the summer months for hikers and beachgoers alike.","Check summer timetable in advance, Connects to coastal path trails, Ideal for surfing trips, Limited luggage space"
115 (Swansea-Llangennith),Gower,bus,,,,,"Swansea, Llangennith",Regular (summer),Year-round (reduced),,https://www.swansea.gov.uk,"Catch the local bus to Llangennith, a popular surfing beach on the Gower Peninsula. This is a great option for those without a car who want to experience the waves.","Ideal for surfers, Limited service - check timetable, Good for beach access, Bring wetsuit, Surfboard transport possible"
118 (Swansea-Port Eynon),Gower,bus,,,,,"Swansea, Port Eynon",Regular (summer),Year-round (reduced),,https://www.swansea.gov.uk,Explore the rugged beauty of the South Gower coast with this regular summer transport option. It's a great way to access remote beaches and walking trails without needing a car.,"Check timetable for specific dates, Ideal for coastal hikes, Limited service off-season"
119 (Swansea-Oxwich),Gower,bus,,,,,"Swansea, Oxwich",Regular (summer),Year-round (reduced),,https://www.swansea.gov.uk,"This bus route provides convenient access to the stunning Oxwich Bay, a popular spot for watersports and coastal walks. Perfect for a day trip without the hassle of parking.","Ideal for beach access, Surfing equipment allowed, Check tide times, Limited service off-season"
X50 (Wrexham-Denbigh-Rhyl),Mid/North Wales,bus,,,,,"Wrexham, Llandegla, Denbigh, Rhyl",Regular,Year-round,,https://www.arrivabus.co.uk,"This bus route offers a convenient way to access the Llandegla forest, a popular destination for mountain biking and hiking. With regular service, it's a useful option for exploring the area without a car.","Passes Llandegla forest, Check timetable for specific stops, Suitable for hikers, Limited luggage space"
T12 (TrawsCymru),Mid Wales,bus,,,,,"Machynlleth, Newtown, Brecon",Hourly,Year-round,,https://www.trawscymru.info,Explore Wales from coast to coast with this convenient bus service. Perfect for linking up different adventure hubs and accessing remote trailheads.,"Bike spaces limited - book ahead, Connects to Snowdon trailheads, Last bus 6pm, Check timetable for rural stops, Limited weekend service"
Beics Brenin (Coed y Brenin),Snowdonia,bike rental,,,,,Coed y Brenin Visitor Centre,Daily,Year-round,,https://www.beicsbrenin.co.uk,"This daily service provides essential access to the Afan Forest Park, a world-renowned mountain biking destination. With full MTB hire available, you can start your adventure as soon as you arrive.","Full range MTB hire, Check bike availability in advance, Direct access to Afan Forest trails"
One Planet Adventure,North Wales,bike rental,,,,,Llandegla Forest,Daily,Year-round,,https://www.oneplanetadventure.co.uk,"This daily service provides essential access to Coed y Brenin Forest Park, a world-renowned mountain biking destination. Perfect for a car-free adventure, offering connections to bike hire and the trail centre.","MTB hire available at Coed y Brenin, Direct access to trail centre, Check trail conditions before departure"
Antur Stiniog,Snowdonia,bike rental,,,,,Blaenau Ffestiniog,Daily,Year-round,,https://www.anturstiniog.com,Hiring a downhill bike and utilizing this route offers an exhilarating way to experience the Welsh countryside. Enjoy the convenience of daily departures for your two-wheeled adventure.,"Downhill bike hire, Suitable for experienced cyclists, Check bike availability in advance, Protective gear recommended"
BikePark Wales Hire,Brecon Beacons,bike rental,,,,,BikePark Wales,Daily,Year-round,,https://www.bikeparkwales.com,"This daily bus service is specifically equipped to handle Enduro and Downhill (DH) bikes, making it a great option for mountain bikers accessing trails in the area. It provides a convenient link between key locations, saving you a potentially long and arduous ride on roads.","Bike spaces limited - book ahead, Check timetable for seasonal variations, Suitable for large frame bikes, Confirm bike rack capacity when booking"
TYF Bike Hire,Pembrokeshire,bike rental,,,,,St Davids,Daily,Mar-Oct,,https://www.tyf.com,Explore the Welsh coast and countryside at your own pace. These rental bikes offer a flexible way to experience local trails and coastal paths.,"Helmets and locks included, Check local tide times for coastal routes, Route maps available, Some routes unpaved"
Funsport Rhosneigr,Anglesey,gear rental,,,,,Rhosneigr,Daily,Year-round,,https://www.funsportonline.co.uk,This daily service provides essential access to some of Wales' best watersports locations. It's ideal for carrying your gear and getting you right to the beach for a day of kitesurfing or windsurfing.,"Kitesurf, windsurf, wetsuits"
Gecko Surf,Anglesey,gear rental,,,,,Rhosneigr,Daily,Year-round,,https://www.geckosurf.co.uk,"Catch the daily bus for easy access to some of Wales's best surfing and kitesurfing beaches. Equipment hire is available near the drop-off point, so you can travel light and get straight into the action.","Surf, kitesurf hire, Daily service, Check equipment hire opening times, Limited luggage space"
TYF Adventure,Pembrokeshire,gear rental,,,,,St Davids,Daily,Mar-Oct,,https://www.tyf.com,"Catch the daily surf bus to maximize your time riding the Welsh waves. This service caters specifically to adventure enthusiasts, making getting to the best surf spots a breeze.","Wetsuits welcome, Kayaks and surfboards permitted, Check tide times before you travel, Limited seating - arrive early"
Preseli Venture,Pembrokeshire,gear rental,,,,,Mathry,Daily,Mar-Oct,,https://www.preseliventure.co.uk,"Providing daily access between key towns and villages, this bus route is a lifeline for exploring the Welsh countryside, particularly for those relying on public transport to reach trailheads and activity centers.","Check timetable for seasonal variations, Ideal for multi-day hikes between towns, Limited luggage space may apply, Confirm bike carriage availability, Contact operator for large groups"
Plas y Brenin,Snowdonia,gear rental,,,,,Capel Curig,Daily,Year-round,,https://pyb.co.uk,"Need to get your kayak to the coast or your climbing gear to the mountains? This daily bus service offers ample space for adventure equipment, making it easy to access Wales' best outdoor spots.","Climbing, paddling gear, Bike spaces limited - book ahead, Connects to Snowdon trailheads, Last bus 6pm"
BikePark Wales Shuttle,Brecon Beacons,shuttle,,,,,BikePark Wales uplift,Continuous,Year-round,,https://www.bikeparkwales.com,"This uplift service provides continuous transport, making it easy to access higher elevations for downhill adventures and scenic viewpoints. No fixed schedule - just show up and ride!","Ideal for downhill mountain bikers, Check for operational updates before you go, Consider purchasing multi-ride passes, Suitable for hikers accessing higher trails"
Antur Stiniog Uplift,Snowdonia,shuttle,,,,,Antur Stiniog,Continuous,Year-round,,https://www.anturstiniog.com,"This uplift service is widely considered the best in the UK for mountain bikers. Providing continuous transport to the trailheads, it maximizes your riding time.","Mountain bike specific, Booking essential, Expect queues during peak season, Check trail conditions before riding, Suitable for experienced riders"
Llandegla Shuttle,North Wales,shuttle,,,,,Llandegla (limited),Limited,Summer,,https://www.oneplanetadventure.co.uk,"This limited-frequency service provides transport between key locations, offering a convenient way to access more remote parts of Wales. Be sure to check the timetable carefully and factor in potential delays.","Limited service - check timetable, Some uplift available - inquire in advance, Confirm bike/equipment space, Useful for accessing less travelled areas"
Coastal Bus Shuttles,Pembrokeshire,shuttle,,,,,Various coastal points,Scheduled,May-September,,https://www.pembrokeshire.gov.uk,This bus route is specifically timed to help walkers access and depart from various points along the Pembrokeshire Coast Path. It provides a vital link for those undertaking multi-day hikes or shorter coastal explorations.,"Check timetable for seasonal variations, Ideal for linear coast path walks, Limited luggage space, Purchase tickets in advance recommended, Some stops are request stops"
