Page Type,Page Title / Slug,Region,Activity,Current Coverage Score (1-5),Famous Things Missing,Top Missing Spots/Locations,Research Status,Priority,Notes,Last Updated
Region,Snowdonia (/snowdonia),Snowdonia,N/A,5,"Live ticketing / current pricing for heritage railways and Zip World still flagged for editor verification before launch","Llyn Padarn waterfront could still be surfaced as a swim/walk node; Slate Trail long-distance route worth a dedicated callout in a future pass",jules+repo-audit,P0,"Goal 5: full rewrite of content/regions/snowdonia.md to match the depth of data/regions/snowdonia.ts. Restructured as a proper destination guide: key-facts table, ranked best-for, Yr Wyddfa vs wider ranges (Glyderau / Carneddau / Cadair Idris / Rhinogs / Moel Siabod), Dark Sky Reserve section with named pull-offs, UNESCO Slate Landscape (2021 inscription) section with named sites, Welsh-language identity with place-name glossary, top-experiences table, 4-season weather guide, hidden gems, insider tips, local eats, FAQs, smart-play one-day / weekend / week itineraries. Tone consistent with the lifted Snowdonia combo intros (hiking / climbing / zip-lining / trail-running)",2026-05-18
Combo,Hiking in Snowdonia (/snowdonia/things-to-do/hiking),Snowdonia,Hiking,5,"Pyg Track and Miners' Track as distinct standalone options from the Llanberis Path; Watkin Path; Sherpa bus / accessibility context","Pyg/Miners' Track as a distinct option; Watkin Path",jules+repo-audit,P0,"Batch-1 update: added Glyderau Bochlwyd Horseshoe, Moel Siabod via Daear Ddu, Carnedd Llewelyn & Dafydd, and Welsh 3000s as a hike line (sources: content/spots/hiking/snowdonia.csv quality_score 94-96 entries; region data topExperiences). Intro tightened to surface the wider Glyderau / Carneddau / Cadair Idris ranges and the Welsh 3000s framing rather than Snowdon-only copy",2026-05-18
Combo,Mountain Biking in Snowdonia (/snowdonia/things-to-do/mountain-biking),Snowdonia,Mountain Biking,5,"Live trail-status / closure data should be refreshed against NRW's trail-status page before any seasonal launch push; current parking rates at Coed y Brenin and Antur Stiniog uplift price should be editor-verified","Llandegla as out-of-park wet-weather alternative could be added as a cross-link (deliberately omitted from spots list per honest-scope rule)",jules+repo-audit,P1,"Goal 6: introduction rewritten to lead with Coed y Brenin's UK-first heritage (1996 opening as UK's first purpose-built MTB centre), four-flavour split (trail centre / downhill / natural-trail / hand-cut), honest scope exclusion of BikePark Wales (in Brecon Beacons not Eryri) and Llandegla (Clwydian Range, outside the park). Penmachno's natural-trail framing now lifted into the intro. Sources: data/regions/snowdonia.ts topExperiences, briefs/operator-assets-brief.md heritage note, existing spot entries",2026-05-18
Combo,Climbing in Snowdonia (/snowdonia/things-to-do/climbing),Snowdonia,Climbing,5,"Modern sport climbing at Llanberis slate quarries (Vivian / Bus Stop) not yet surfaced","Cromlech (Cenotaph Corner present as Cemetery Gates); Dinas Mot (present); Tremadoc Vector (present); Idwal Slabs (present); Clogwyn Du'r Arddu (Cloggy) (present); Craig yr Ysfa (present); Milestone Buttress (present)",jules+repo-audit,P1,"Batch-1 update: introduction rewritten to lead with Joe Brown / Don Whillans / Pen-y-Gwryd 1953 Everest training-base heritage, with Tremadog framed as the wet-weather backup and Plas y Brenin / Joe Brown's shop as gear/courses anchors. The British-climbing-birthplace narrative now lives in the intro, not just buried in spot descriptions",2026-05-18
Combo,Caving in Snowdonia (/snowdonia/things-to-do/caving),Snowdonia,Caving,5,"Current Zip World / Llechwedd / Go Below pricing still needs editor verification before launch","Cwmorthin Terrace surface heritage walk could be added as a separate spot in a future pass",jules+repo-audit,P1,"Goal 6: introduction completely rewritten to lead with the UNESCO Slate Landscape of Northwest Wales (2021 inscription) as the framing, the natural-vs-mine geology distinction up front, the three-tier visitor offer (family pay-to-play / guided adventure / independent), and explicit cross-reference to the underground-trampolines combo for Bounce Below. Llechwedd Deep Mine tour now framed as the heritage-focused product distinct from the Caverns zip circuit. Cultural depth (176-year-old workings, post-industrial reuse) is now the differentiator the audit called for",2026-05-18
Combo,Gorge Walking in Snowdonia (/snowdonia/things-to-do/gorge-walking),Snowdonia,Gorge Walking,5,"Editor sign-off needed on the explicit gorge-walking-vs-canyoning scope split before the parallel canyoning combo can be killed or merged; operator-name verification for Ceunant Mawr descent providers","Watkin Path gorge sections and Twll Du / Devil's Kitchen scramble line could be added in a future pass",jules+repo-audit,P1,"Goal 6: introduction rewritten to open with the explicit gorge-walking-vs-canyoning scope note (resolves the audit gap), four-valley taxonomy (Ogwen / Ceunant Mawr / Nant Gwynant / Betws gentle), and the water-level-beats-everything weather rule. New spot added: Ceunant Mawr (Llanberis waterfall canyon) as a distinct entry sitting between the Ogwen Upper and the family routes. Scope-merge decision for the parallel /canyoning route now leans toward keeping gorge-walking distinct and tagging canyoning as a sub-discipline rather than a separate combo page",2026-05-18
Combo,Zip-lining in Snowdonia (/snowdonia/things-to-do/zip-lining),Snowdonia,Zip-lining,5,"Plummet 2 free-fall (newer Zip World addition — needs external verification); Skyride remains listed as 'permanently closed' — editorial decision on whether to remove or keep","Plummet 2 (verify); Fforest's family Treetop Nets as a distinct sub-experience",jules+repo-audit,P1,"Batch-1 update: introduction reframed honestly as a Zip World portfolio across three distinct sites (Penrhyn / Llechwedd / Fforest) built on UNESCO-recognised slate-quarry reuse. Velocity 2 corrected from 'world's fastest' to 'Europe's fastest' (matches repo region data). Booking / weather / underground-backup practicalities now surfaced in the intro",2026-05-18
Combo,Wild Swimming in Snowdonia (/snowdonia/things-to-do/wild-swimming),Snowdonia,Wild Swimming,5,"Llyn Cwellyn and Llyn Llydaw (high-mountain options still missing — both need cleaner repo-grounded swimming detail before adding)","Llyn Cwellyn; Llyn Llydaw",jules+repo-audit,P1,"Batch-1 update: added Cwm Bochlwyd as the headline 'less-crowded alternative to Llyn Idwal' (sources: region data hiddenGems). Introduction reworked to introduce the corrie / valley / slate-quarry / waterfall taxonomy and to be explicit about access, cold-water temperatures (8-12°C even in summer) and legal/access status",2026-05-18
Combo,Trail Running in Snowdonia (/snowdonia/things-to-do/trail-running),Snowdonia,Trail Running,5,"UTS Ultra-Trail Snowdonia status (needs external verification before adding); Rhinog ridge as ultra terrain; Cwm Pennant loops","UTS Ultra-Trail Snowdonia (verify still active); Rhinog ridge as ultra terrain; Cwm Pennant loops",jules+repo-audit,P1,"Batch-1 update: introduction rewritten to lead with race/event culture — Snowdon Race (since 1976), Snowdonia/Eryri Trail Marathon, Welsh 3000s ultra benchmark, XTERRA Snowdonia, and Coed y Brenin as the natural graded-trail entry point. UTS Ultra-Trail Snowdonia deliberately omitted pending external verification it still runs",2026-05-18
Combo,Surfing in Snowdonia (/snowdonia/things-to-do/surfing),Snowdonia,Surfing,3,"Live pricing / current Surf Snowdonia branding / on-site lodging detail still needs editor verification","Adventure Parc Snowdonia (Dolgarrog) — now anchored; nearby coastal sea-surf alternatives (Hell's Mouth, Cable Bay, Dinas Dinlle) listed with clear out-of-park labelling",jules+repo-audit,P0,"Goal 4 batch-1: data/combo-pages/snowdonia--surfing.json created. Page anchored honestly around Adventure Parc Snowdonia inland lagoon at Dolgarrog (the only reason a Snowdonia surf page is viable); explicit upfront that the park has no surf beaches; nearby Llŷn / Anglesey coast options surfaced as labelled out-of-park alternatives. Avoided live pricing / opening times — these are flagged for editor verification before launch",2026-05-18
Combo,Underground Trampolines in Snowdonia (/snowdonia/things-to-do/underground-trampolines),Snowdonia,Underground Trampolines,3,"Current Zip World pricing, age limits, height restrictions still need editor verification before launch","Bounce Below at Llechwedd — now anchored; Zip World Caverns + Llechwedd Deep Mine + Sygun Copper Mine + Dinorwig Quarry surface walk surfaced as slate-cavern pairings",jules+repo-audit,P0,"Goal 4 batch-1: data/combo-pages/snowdonia--underground-trampolines.json created. Anchored on Bounce Below at Llechwedd Slate Caverns and explicit that this is functionally a one-experience page; framed inside the UNESCO Gwynedd slate landscape so the cavern story feels rooted rather than novelty fluff. Operator slug 'zip-world' used for Bounce Below / Caverns; Llechwedd Deep Mine tour left without operatorSlug pending verification",2026-05-18
Combo,Scenic Railway in Snowdonia (/snowdonia/things-to-do/scenic-railway),Snowdonia,Scenic Railway,3,"Current-year timetables / seasonal closures / Santa-train dates / current ticket prices still need editor verification","Snowdon Mountain Railway, Ffestiniog Railway, Welsh Highland Railway, Talyllyn Railway all anchored; Llanberis Lake Railway and Bala Lake Railway added as secondary lakeside lines",jules+repo-audit,P0,"Goal 4 batch-1: data/combo-pages/snowdonia--scenic-railway.json created. Introduction leads with why railways matter to Snowdonia (slate heritage moving from Blaenau Ffestiniog and Bryneglwys quarries; mountain access via SMR rack railway; landscape journey via Welsh Highland through Aberglaslyn). Includes the four tracker-named anchors plus Llanberis Lake and Bala Lake as bonus lakeside lines. operatorSlug deliberately left blank for all railways — no confirmed directory slugs yet. Pricing kept loose (broad bands) and flagged for editor verification before launch",2026-05-18
Combo,Kayaking in Snowdonia (/snowdonia/things-to-do/kayaking),Snowdonia,Kayaking,3,"Live river-grade verification from Welsh Canoeing or a recent guidebook (UK Rivers Guidebook level pages); current Bala Adventure & Watersports / Snowdonia Watersports hire pricing","Some sea-kayak cross-link copy to Anglesey / Llŷn could be tightened in nearbyAlternatives",jules+repo-audit,P1,"Goal 6: data/combo-pages/snowdonia--kayaking.json created. Page anchored honestly on whitewater (Afon Conwy continuous grade 3, Afon Llugwy grade 3-4 through Fairy Glen, Afon Glaslyn through Aberglaslyn) with explicit sea-kayaking-is-not-Snowdonia framing redirecting to Anglesey / Llŷn. Flat-water lakes covered (Llyn Tegid / Bala, Llyn Padarn) plus Llyn Gwynant as the quieter option. Plas y Brenin called out as the National Outdoor Centre and the standard UK learn-to-paddle venue. Whitewater grades flagged for paddler-source verification before publication",2026-05-18
Combo,Canyoning in Snowdonia (/snowdonia/things-to-do/canyoning),Snowdonia,Canyoning,1,"Afon Cwm Llan; Fairy Glen; Ceunant Mawr","Afon Cwm Llan (Watkin Path area); Fairy Glen (Betws-y-Coed); Ceunant Mawr",repo-audit,P1,"No enrichment data file. Distinct from the existing gorge-walking combo which already has data — clarify scope or merge",2026-05-18
Combo,Coasteering in Snowdonia (/snowdonia/things-to-do/coasteering),Snowdonia,Coasteering,1,"Snowdonia national park itself has no coasteering coastline","Trefor / Porth Dinllaen (Llŷn border); Anglesey (separate region)",repo-audit,P2,"No enrichment data file. Page likely should redirect to Llŷn Peninsula or Anglesey rather than being filled — flag for editorial decision before content work",2026-05-18
Combo,Horse Riding in Snowdonia (/snowdonia/things-to-do/horse-riding),Snowdonia,Horse Riding,1,"Snowdonia Riding Stables; coastal hacks at Black Rock Sands","Snowdonia Riding Stables; Dolgellau Equestrian; Tal-y-Bont trekking",repo-audit,P2,"No enrichment data file. Low search intent but useful for itinerary completeness",2026-05-18
Combo,Beaches in Snowdonia (/snowdonia/things-to-do/beaches),Snowdonia,Beaches,3,"Black Rock Sands drive-on fee and current rules need editor verification; lifeguard cover dates for Barmouth / Tywyn / Dinas Dinlle move year-on-year; dog-rules signage detail varies by beach","Penrhyn beach (north of Barmouth) could be added as a quieter alternative",jules+repo-audit,P1,"Goal 6: data/combo-pages/snowdonia--beaches.json created. Page anchored on the Cambrian Coast string (Harlech / Barmouth / Dinas Dinlle / Tywyn / Aberdovey / Fairbourne / Llandanwg) with Black Rock Sands as the famous drive-on (boundary-noted as Llyn-Peninsula-side). Cardigan Bay dolphin-watching framing surfaced. Honest sea-temperature and rip-current safety notes included. Verify drive-on rules, lifeguard dates and current parking rates before launch — these change seasonally",2026-05-18
Operator,Zip World (/directory/zip-world),Snowdonia,Zip-lining,4,"DB description and cover image still need to be refreshed from the new editorial brief (content/operators/profiles/zip-world.md); current Velocity 2 weight limits, Bounce Below height restrictions and Fforest product mix all need editor verification","Logo present in Vercel Blob; gallery images still need editor sourcing per briefs/operator-assets-brief.md",jules+repo-audit,P0,"Goal 6: editorial source-of-truth created at content/operators/profiles/zip-world.md — covers the three-site portfolio (Penrhyn / Llechwedd / Fforest), experience breakdown per site (Velocity 2 / Titan / Quarry Karts / Bounce Below / Caverns / Fforest products), UNESCO slate landscape framing, Europe's-fastest correction (was incorrectly 'world's fastest' in older copy), verification flags, and pairing notes. content/operators.csv USP rewritten to match. DB seed remains the next-step blocker — needs re-run with the new CSV USP, then editor pass on the long-form description",2026-05-18
Operator,Plas y Brenin (/directory/plas-y-brenin),Snowdonia,Climbing/Multi-activity,4,"DB description and cover image still need to be refreshed from the new editorial brief (content/operators/profiles/plas-y-brenin.md); current course catalogue / pricing / governance status all need editor verification","Logo present in Vercel Blob; gallery images still need editor sourcing",jules+repo-audit,P1,"Goal 6: editorial source-of-truth created at content/operators/profiles/plas-y-brenin.md — covers the residential-not-drop-in model, course catalogue by discipline (mountaineering / climbing / paddlesport / nav-bushcraft), 1955 founding through to National Outdoor Centre status, Llynnau Mymbyr training-lake context, and verification flags. content/operators.csv USP rewritten to make the residential-multi-day model explicit (was previously generic '60 years experience'). Operator now correctly framed as a course venue rather than a day-trip provider in the kayaking, climbing, gorge-walking and hiking combos",2026-05-18
Operator,Adventure Parc Snowdonia (/directory/adventure-parc-snowdonia),Snowdonia,Surfing,4,"Operator row not present in content/operators.csv (only in DB) — editor must reseed or backfill the CSV from the new editorial brief before any future re-seed; current session pricing, on-site hotel branding (Hilton Garden Inn rebrand status) and Adventure Hub product mix all need editor verification","Logo + gallery still need editor sourcing per briefs/operator-assets-brief.md",jules+repo-audit,P0,"Goal 6: editorial source-of-truth created at content/operators/profiles/adventure-parc-snowdonia.md — covers the surf lagoon (three wave grades, both-sides simultaneous), the Adventure Hub (Ninja / pump track / climbing / Crash & Splash), on-site accommodation (Hilton Garden Inn + glamping + camping), 2015 opening as the world-first inland venue of its kind, current UK-unique positioning, and pairing notes for Carneddau / Ogwen / Conwy Valley Line. CSV row currently missing — the existing DB-only listing is the next-step blocker",2026-05-18
Operator,Coed y Brenin (NRW) (/directory/coed-y-brenin-nrw),Snowdonia,Mountain Biking,4,"DB description and cover image still need to be refreshed from the new editorial brief (content/operators/profiles/coed-y-brenin-nrw.md); current trail status and parking rates need editor verification against NRW's trail-status page","NRW corporate logo present in Vercel Blob but unexciting — flag for a custom Coed y Brenin trail-centre brand mark if obtainable",jules+repo-audit,P1,"Goal 6: editorial source-of-truth created at content/operators/profiles/coed-y-brenin-nrw.md — covers the 1996 UK-first-purpose-built-MTB-centre heritage (verified across STRATEGY data sources), trail breakdown (MBR / Dragon's Back / Temtiwr / Cyflym / family blue+green loops), visitor centre + Beics Brenin pairing, NRW operator context (post-2013 from Forestry Commission Wales), durable framing facts and verification flags. content/operators.csv USP rewritten to lead with the 1996 first-purpose-built heritage explicitly. The MTB combo intro now reinforces this anchor",2026-05-18
Operator,The Pen-y-Gwryd Hotel (/directory/pen-y-gwryd-hotel),Snowdonia,Accommodation / Pub,4,"DB description and cover image still need to be refreshed from the new editorial brief (content/operators/profiles/pen-y-gwryd-hotel.md); auto-fixable fields (coordinates, Google rating) still need a scripted refresh against the postcode + Google Places APIs; current opening-season window needs editor verification","Operator row not present in content/operators.csv (only in DB) — editor must reseed or backfill the CSV from the new editorial brief; logo + interior gallery still need editor sourcing per briefs/operator-assets-brief.md",jules+repo-audit,P1,"Goal 6: editorial source-of-truth created at content/operators/profiles/pen-y-gwryd-hotel.md — covers the 1953 British Mount Everest expedition training-base heritage (Hunt, Hillary, Tenzing on later visits, signed dining-room ceiling), Pyg-Track-named-after-the-hotel etymology, the family-run-since-1947 ownership story, the working hotel + climbers' bunkhouse + Smoke Room product split, fixed-sitting evening meal format, and explicit set-expectations notes (heritage not luxury). Cross-references the climbing combo's Joe Brown / Don Whillans intro narrative",2026-05-18
